Time,Lift,Ro,Clalfa,V,Alfa,O1,X1,X2,X1X2,X12,X22,X12X2,X1X22,X12X22,X13,X23,X13X2,X13X22,X1X23,X12X23,X13X23
0,0,0.6,0.1,220,0,1,220,0,0,48400,0,0,0,0,10648000,0,0,0,0,0,0
0.125,7.26,0.6,0.1,220,0.005,1,220,0.005,1.1,48400,0.000025,242,0.0055,1.21,10648000,0.000000125,53240,266.2,0.0000275,0.00605,1.331
0.25,14.52,0.6,0.1,220,0.01,1,220,0.01,2.2,48400,0.0001,484,0.022,4.84,10648000,0.000001,106480,1064.8,0.00022,0.0484,10.648
0.375,21.78,0.6,0.1,220,0.015,1,220,0.015,3.3,48400,0.000225,726,0.0495,10.89,10648000,0.000003375,159720,2395.8,0.0007425,0.16335,35.937
0.5,29.04,0.6,0.1,220,0.02,1,220,0.02,4.4,48400,0.0004,968,0.088,19.36,10648000,0.000008,212960,4259.2,0.00176,0.3872,85.184
0.625,36.3,0.6,0.1,220,0.025,1,220,0.025,5.5,48400,0.000625,1210,0.1375,30.25,10648000,0.000015625,266200,6655,0.0034375,0.75625,166.375
0.75,43.56,0.6,0.1,220,0.03,1,220,0.03,6.6,48400,0.0009,1452,0.198,43.56,10648000,0.000027,319440,9583.2,0.00594,1.3068,287.496
0.875,50.82,0.6,0.1,220,0.035,1,220,0.035,7.7,48400,0.001225,1694,0.2695,59.29,10648000,0.000042875,372680,13043.8,0.0094325,2.07515,456.533
1,58.08,0.6,0.1,220,0.04,1,220,0.04,8.8,48400,0.0016,1936,0.352,77.44,10648000,0.000064,425920,17036.8,0.01408,3.0976,681.472
1.125,65.34,0.6,0.1,220,0.045,1,220,0.045,9.9,48400,0.002025,2178,0.4455,98.01,10648000,0.000091125,479160,21562.2,0.0200475,4.41045,970.299
1.25,72.6,0.6,0.1,220,0.05,1,220,0.05,11,48400,0.0025,2420,0.55,121,10648000,0.000125,532400,26620,0.0275,6.05,1331
1.375,79.86,0.6,0.1,220,0.055,1,220,0.055,12.1,48400,0.003025,2662,0.6655,146.41,10648000,0.000166375,585640,32210.2,0.0366025,8.05255,1771.561
1.5,87.12,0.6,0.1,220,0.06,1,220,0.06,13.2,48400,0.0036,2904,0.792,174.24,10648000,0.000216,638880,38332.8,0.04752,10.4544,2299.968
1.625,94.38,0.6,0.1,220,0.065,1,220,0.065,14.3,48400,0.004225,3146,0.9295,204.49,10648000,0.000274625,692120,44987.8,0.0604175,13.29185,2924.207
1.75,101.64,0.6,0.1,220,0.07,1,220,0.07,15.4,48400,0.0049,3388,1.078,237.16,10648000,0.000343,745360,52175.2,0.07546,16.6012,3652.264
1.875,108.9,0.6,0.1,220,0.075,1,220,0.075,16.5,48400,0.005625,3630,1.2375,272.25,10648000,0.000421875,798600,59895,0.0928125,20.41875,4492.125
2,116.16,0.6,0.1,220,0.08,1,220,0.08,17.6,48400,0.0064,3872,1.408,309.76,10648000,0.000512,851840,68147.2,0.11264,24.7808,5451.776
2.125,123.42,0.6,0.1,220,0.085,1,220,0.085,18.7,48400,0.007225,4114,1.5895,349.69,10648000,0.000614125,905080,76931.8,0.1351075,29.72365,6539.203
2.25,130.68,0.6,0.1,220,0.09,1,220,0.09,19.8,48400,0.0081,4356,1.782,392.04,10648000,0.000729,958320,86248.8,0.16038,35.2836,7762.392
2.375,137.94,0.6,0.1,220,0.095,1,220,0.095,20.9,48400,0.009025,4598,1.9855,436.81,10648000,0.000857375,1011560,96098.2,0.1886225,41.49695,9129.329
2.5,145.2,0.6,0.1,220,0.1,1,220,0.1,22,48400,0.01,4840,2.2,484,10648000,0.001,1064800,106480,0.22,48.4,10648
2.625,152.46,0.6,0.1,220,0.105,1,220,0.105,23.1,48400,0.011025,5082,2.4255,533.61,10648000,0.001157625,1118040,117394.2,0.2546775,56.02905,12326.391
2.75,159.72,0.6,0.1,220,0.11,1,220,0.11,24.2,48400,0.0121,5324,2.662,585.64,10648000,0.001331,1171280,128840.8,0.29282,64.4204,14172.488
2.875,166.98,0.6,0.1,220,0.115,1,220,0.115,25.3,48400,0.013225,5566,2.9095,640.09,10648000,0.001520875,1224520,140819.8,0.3345925,73.61035,16194.277
3,174.24,0.6,0.1,220,0.12,1,220,0.12,26.4,48400,0.0144,5808,3.168,696.96,10648000,0.001728,1277760,153331.2,0.38016,83.6352,18399.744
3.125,181.5,0.6,0.1,220,0.125,1,220,0.125,27.5,48400,0.015625,6050,3.4375,756.25,10648000,0.001953125,1331000,166375,0.4296875,94.53125,20796.875
3.25,188.76,0.6,0.1,220,0.13,1,220,0.13,28.6,48400,0.0169,6292,3.718,817.96,10648000,0.002197,1384240,179951.2,0.48334,106.3348,23393.656
3.375,196.02,0.6,0.1,220,0.135,1,220,0.135,29.7,48400,0.018225,6534,4.0095,882.09,10648000,0.002460375,1437480,194059.8,0.5412825,119.08215,26198.073
3.5,203.28,0.6,0.1,220,0.14,1,220,0.14,30.8,48400,0.0196,6776,4.312,948.64,10648000,0.002744,1490720,208700.8,0.60368,132.8096,29218.112
3.625,210.54,0.6,0.1,220,0.145,1,220,0.145,31.9,48400,0.021025,7018,4.6255,1017.61,10648000,0.003048625,1543960,223874.2,0.6706975,147.55345,32461.759
3.75,217.8,0.6,0.1,220,0.15,1,220,0.15,33,48400,0.0225,7260,4.95,1089,10648000,0.003375,1597200,239580,0.7425,163.35,35937
3.875,225.06,0.6,0.1,220,0.155,1,220,0.155,34.1,48400,0.024025,7502,5.2855,1162.81,10648000,0.003723875,1650440,255818.2,0.8192525,180.23555,39651.821
4,232.32,0.6,0.1,220,0.16,1,220,0.16,35.2,48400,0.0256,7744,5.632,1239.04,10648000,0.004096,1703680,272588.8,0.90112,198.2464,43614.208
4.125,239.58,0.6,0.1,220,0.165,1,220,0.165,36.3,48400,0.027225,7986,5.9895,1317.69,10648000,0.004492125,1756920,289891.8,0.9882675,217.41885,47832.147
4.25,246.84,0.6,0.1,220,0.17,1,220,0.17,37.4,48400,0.0289,8228,6.358,1398.76,10648000,0.004913,1810160,307727.2,1.08086,237.7892,52313.624
4.375,254.1,0.6,0.1,220,0.175,1,220,0.175,38.5,48400,0.030625,8470,6.7375,1482.25,10648000,0.005359375,1863400,326095,1.1790625,259.39375,57066.625
4.5,261.36,0.6,0.1,220,0.18,1,220,0.18,39.6,48400,0.0324,8712,7.128,1568.16,10648000,0.005832,1916640,344995.2,1.28304,282.2688,62099.136
4.625,268.62,0.6,0.1,220,0.185,1,220,0.185,40.7,48400,0.034225,8954,7.5295,1656.49,10648000,0.006331625,1969880,364427.8,1.3929575,306.45065,67419.143
4.75,275.88,0.6,0.1,220,0.19,1,220,0.19,41.8,48400,0.0361,9196,7.942,1747.24,10648000,0.006859,2023120,384392.8,1.50898,331.9756,73034.632
4.875,283.14,0.6,0.1,220,0.195,1,220,0.195,42.9,48400,0.038025,9438,8.3655,1840.41,10648000,0.007414875,2076360,404890.2,1.6312725,358.87995,78953.589
5,290.4,0.6,0.1,220,0.2,1,220,0.2,44,48400,0.04,9680,8.8,1936,10648000,0.008,2129600,425920,1.76,387.2,85184
5.125,297.66,0.6,0.1,220,0.205,1,220,0.205,45.1,48400,0.042025,9922,9.2455,2034.01,10648000,0.008615125,2182840,447482.2,1.8953275,416.97205,91733.851
5.25,304.92,0.6,0.1,220,0.21,1,220,0.21,46.2,48400,0.0441,10164,9.702,2134.44,10648000,0.009261,2236080,469576.8,2.03742,448.2324,98611.128
5.375,312.18,0.6,0.1,220,0.215,1,220,0.215,47.3,48400,0.046225,10406,10.1695,2237.29,10648000,0.009938375,2289320,492203.8,2.1864425,481.01735,105823.817
5.5,319.44,0.6,0.1,220,0.22,1,220,0.22,48.4,48400,0.0484,10648,10.648,2342.56,10648000,0.010648,2342560,515363.2,2.34256,515.3632,113379.904
5.625,326.7,0.6,0.1,220,0.225,1,220,0.225,49.5,48400,0.050625,10890,11.1375,2450.25,10648000,0.011390625,2395800,539055,2.5059375,551.30625,121287.375
5.75,333.96,0.6,0.1,220,0.23,1,220,0.23,50.6,48400,0.0529,11132,11.638,2560.36,10648000,0.012167,2449040,563279.2,2.67674,588.8828,129554.216
5.875,341.22,0.6,0.1,220,0.235,1,220,0.235,51.7,48400,0.055225,11374,12.1495,2672.89,10648000,0.012977875,2502280,588035.8,2.8551325,628.12915,138188.413
6,348.48,0.6,0.1,220,0.24,1,220,0.24,52.8,48400,0.0576,11616,12.672,2787.84,10648000,0.013824,2555520,613324.8,3.04128,669.0816,147197.952
6.125,355.74,0.6,0.1,220,0.245,1,220,0.245,53.9,48400,0.060025,11858,13.2055,2905.21,10648000,0.014706125,2608760,639146.2,3.2353475,711.77645,156590.819
6.25,363,0.6,0.1,220,0.25,1,220,0.25,55,48400,0.0625,12100,13.75,3025,10648000,0.015625,2662000,665500,3.4375,756.25,166375
6.375,370.26,0.6,0.1,220,0.255,1,220,0.255,56.1,48400,0.065025,12342,14.3055,3147.21,10648000,0.016581375,2715240,692386.2,3.6479025,802.53855,176558.481
6.5,377.52,0.6,0.1,220,0.26,1,220,0.26,57.2,48400,0.0676,12584,14.872,3271.84,10648000,0.017576,2768480,719804.8,3.86672,850.6784,187149.248
6.625,384.78,0.6,0.1,220,0.265,1,220,0.265,58.3,48400,0.070225,12826,15.4495,3398.89,10648000,0.018609625,2821720,747755.8,4.0941175,900.70585,198155.287
6.75,392.04,0.6,0.1,220,0.27,1,220,0.27,59.4,48400,0.0729,13068,16.038,3528.36,10648000,0.019683,2874960,776239.2,4.33026,952.6572,209584.584
6.875,399.3,0.6,0.1,220,0.275,1,220,0.275,60.5,48400,0.075625,13310,16.6375,3660.25,10648000,0.020796875,2928200,805255,4.5753125,1006.56875,221445.125
7,406.56,0.6,0.1,220,0.28,1,220,0.28,61.6,48400,0.0784,13552,17.248,3794.56,10648000,0.021952,2981440,834803.2,4.82944,1062.4768,233744.896
7.125,413.82,0.6,0.1,220,0.285,1,220,0.285,62.7,48400,0.081225,13794,17.8695,3931.29,10648000,0.023149125,3034680,864883.8,5.0928075,1120.41765,246491.883
7.25,421.08,0.6,0.1,220,0.29,1,220,0.29,63.8,48400,0.0841,14036,18.502,4070.44,10648000,0.024389,3087920,895496.8,5.36558,1180.4276,259694.072
7.375,428.34,0.6,0.1,220,0.295,1,220,0.295,64.9,48400,0.087025,14278,19.1455,4212.01,10648000,0.025672375,3141160,926642.2,5.6479225,1242.54295,273359.449
7.5,435.6,0.6,0.1,220,0.3,1,220,0.3,66,48400,0.09,14520,19.8,4356,10648000,0.027,3194400,958320,5.94,1306.8,287496
7.625,442.86,0.6,0.1,220,0.305,1,220,0.305,67.1,48400,0.093025,14762,20.4655,4502.41,10648000,0.028372625,3247640,990530.2,6.2419775,1373.23505,302111.711
7.75,450.12,0.6,0.1,220,0.31,1,220,0.31,68.2,48400,0.0961,15004,21.142,4651.24,10648000,0.029791,3300880,1023272.8,6.55402,1441.8844,317214.568
7.875,457.38,0.6,0.1,220,0.315,1,220,0.315,69.3,48400,0.099225,15246,21.8295,4802.49,10648000,0.031255875,3354120,1056547.8,6.8762925,1512.78435,332812.557
8,464.64,0.6,0.1,220,0.32,1,220,0.32,70.4,48400,0.1024,15488,22.528,4956.16,10648000,0.032768,3407360,1090355.2,7.20896,1585.9712,348913.664
8.125,471.9,0.6,0.1,220,0.325,1,220,0.325,71.5,48400,0.105625,15730,23.2375,5112.25,10648000,0.034328125,3460600,1124695,7.5521875,1661.48125,365525.875
8.25,479.16,0.6,0.1,220,0.33,1,220,0.33,72.6,48400,0.1089,15972,23.958,5270.76,10648000,0.035937,3513840,1159567.2,7.90614,1739.3508,382657.176
8.375,486.42,0.6,0.1,220,0.335,1,220,0.335,73.7,48400,0.112225,16214,24.6895,5431.69,10648000,0.037595375,3567080,1194971.8,8.2709825,1819.61615,400315.553
8.5,493.68,0.6,0.1,220,0.34,1,220,0.34,74.8,48400,0.1156,16456,25.432,5595.04,10648000,0.039304,3620320,1230908.8,8.64688,1902.3136,418508.992
8.625,500.94,0.6,0.1,220,0.345,1,220,0.345,75.9,48400,0.119025,16698,26.1855,5760.81,10648000,0.041063625,3673560,1267378.2,9.0339975,1987.47945,437245.479
8.75,508.2,0.6,0.1,220,0.35,1,220,0.35,77,48400,0.1225,16940,26.95,5929,10648000,0.042875,3726800,1304380,9.4325,2075.15,456533
8.875,515.46,0.6,0.1,220,0.355,1,220,0.355,78.1,48400,0.126025,17182,27.7255,6099.61,10648000,0.044738875,3780040,1341914.2,9.8425525,2165.36155,476379.541
9,522.72,0.6,0.1,220,0.36,1,220,0.36,79.2,48400,0.1296,17424,28.512,6272.64,10648000,0.046656,3833280,1379980.8,10.26432,2258.1504,496793.088
9.125,529.98,0.6,0.1,220,0.365,1,220,0.365,80.3,48400,0.133225,17666,29.3095,6448.09,10648000,0.048627125,3886520,1418579.8,10.6979675,2353.55285,517781.627
9.25,537.24,0.6,0.1,220,0.37,1,220,0.37,81.4,48400,0.1369,17908,30.118,6625.96,10648000,0.050653,3939760,1457711.2,11.14366,2451.6052,539353.144
9.375,544.5,0.6,0.1,220,0.375,1,220,0.375,82.5,48400,0.140625,18150,30.9375,6806.25,10648000,0.052734375,3993000,1497375,11.6015625,2552.34375,561515.625
9.5,551.76,0.6,0.1,220,0.38,1,220,0.38,83.6,48400,0.1444,18392,31.768,6988.96,10648000,0.054872,4046240,1537571.2,12.07184,2655.8048,584277.056
9.625,559.02,0.6,0.1,220,0.385,1,220,0.385,84.7,48400,0.148225,18634,32.6095,7174.09,10648000,0.057066625,4099480,1578299.8,12.5546575,2762.02465,607645.423
9.75,566.28,0.6,0.1,220,0.39,1,220,0.39,85.8,48400,0.1521,18876,33.462,7361.64,10648000,0.059319,4152720,1619560.8,13.05018,2871.0396,631628.712
9.875,573.54,0.6,0.1,220,0.395,1,220,0.395,86.9,48400,0.156025,19118,34.3255,7551.61,10648000,0.061629875,4205960,1661354.2,13.5585725,2982.88595,656234.909
10,580.8,0.6,0.1,220,0.4,1,220,0.4,88,48400,0.16,19360,35.2,7744,10648000,0.064,4259200,1703680,14.08,3097.6,681472
10.125,588.06,0.6,0.1,220,0.405,1,220,0.405,89.1,48400,0.164025,19602,36.0855,7938.81,10648000,0.066430125,4312440,1746538.2,14.6146275,3215.21805,707347.971
10.25,595.32,0.6,0.1,220,0.41,1,220,0.41,90.2,48400,0.1681,19844,36.982,8136.04,10648000,0.068921,4365680,1789928.8,15.16262,3335.7764,733870.808
10.375,602.58,0.6,0.1,220,0.415,1,220,0.415,91.3,48400,0.172225,20086,37.8895,8335.69,10648000,0.071473375,4418920,1833851.8,15.7241425,3459.31135,761048.497
10.5,609.84,0.6,0.1,220,0.42,1,220,0.42,92.4,48400,0.1764,20328,38.808,8537.76,10648000,0.074088,4472160,1878307.2,16.29936,3585.8592,788889.024
10.625,617.1,0.6,0.1,220,0.425,1,220,0.425,93.5,48400,0.180625,20570,39.7375,8742.25,10648000,0.076765625,4525400,1923295,16.8884375,3715.45625,817400.375
10.75,624.36,0.6,0.1,220,0.43,1,220,0.43,94.6,48400,0.1849,20812,40.678,8949.16,10648000,0.079507,4578640,1968815.2,17.49154,3848.1388,846590.536
10.875,631.62,0.6,0.1,220,0.435,1,220,0.435,95.7,48400,0.189225,21054,41.6295,9158.49,10648000,0.082312875,4631880,2014867.8,18.1088325,3983.94315,876467.493
11,638.88,0.6,0.1,220,0.44,1,220,0.44,96.8,48400,0.1936,21296,42.592,9370.24,10648000,0.085184,4685120,2061452.8,18.74048,4122.9056,907039.232
11.125,646.14,0.6,0.1,220,0.445,1,220,0.445,97.9,48400,0.198025,21538,43.5655,9584.41,10648000,0.088121125,4738360,2108570.2,19.3866475,4265.06245,938313.739
11.25,653.4,0.6,0.1,220,0.45,1,220,0.45,99,48400,0.2025,21780,44.55,9801,10648000,0.091125,4791600,2156220,20.0475,4410.45,970299
11.375,660.66,0.6,0.1,220,0.455,1,220,0.455,100.1,48400,0.207025,22022,45.5455,10020.01,10648000,0.094196375,4844840,2204402.2,20.7232025,4559.10455,1003003.001
11.5,667.92,0.6,0.1,220,0.46,1,220,0.46,101.2,48400,0.2116,22264,46.552,10241.44,10648000,0.097336,4898080,2253116.8,21.41392,4711.0624,1036433.728
11.625,675.18,0.6,0.1,220,0.465,1,220,0.465,102.3,48400,0.216225,22506,47.5695,10465.29,10648000,0.100544625,4951320,2302363.8,22.1198175,4866.35985,1070599.167
11.75,682.44,0.6,0.1,220,0.47,1,220,0.47,103.4,48400,0.2209,22748,48.598,10691.56,10648000,0.103823,5004560,2352143.2,22.84106,5025.0332,1105507.304
11.875,689.7,0.6,0.1,220,0.475,1,220,0.475,104.5,48400,0.225625,22990,49.6375,10920.25,10648000,0.107171875,5057800,2402455,23.5778125,5187.11875,1141166.125
12,696.96,0.6,0.1,220,0.48,1,220,0.48,105.6,48400,0.2304,23232,50.688,11151.36,10648000,0.110592,5111040,2453299.2,24.33024,5352.6528,1177583.616
12.125,704.22,0.6,0.1,220,0.485,1,220,0.485,106.7,48400,0.235225,23474,51.7495,11384.89,10648000,0.114084125,5164280,2504675.8,25.0985075,5521.67165,1214767.763
12.25,711.48,0.6,0.1,220,0.49,1,220,0.49,107.8,48400,0.2401,23716,52.822,11620.84,10648000,0.117649,5217520,2556584.8,25.88278,5694.2116,1252726.552
12.375,723.976704,0.6,0.1,220.8,0.495,1,220.8,0.495,109.296,48752.64,0.245025,24132.5568,54.10152,11945.61562,10764582.91,0.121287375,5328468.541,2637591.928,26.7802524,5913.07973,1305608.004
12.5,736.5984,0.6,0.1,221.6,0.5,1,221.6,0.5,110.8,49106.56,0.25,24553.28,55.4,12276.64,10882013.7,0.125,5441006.848,2720503.424,27.7,6138.32,1360251.712
12.625,749.345664,0.6,0.1,222.4,0.505,1,222.4,0.505,112.312,49461.76,0.255025,24978.1888,56.71756,12613.98534,11000295.42,0.128787625,5555149.189,2805350.341,28.6423678,6370.062599,1416701.922
12.75,762.219072,0.6,0.1,223.2,0.51,1,223.2,0.51,113.832,49818.24,0.2601,25407.3024,58.05432,12957.72422,11119431.17,0.132651,5670909.896,2892164.047,29.6077032,6608.439354,1475003.664
12.875,775.2192,0.6,0.1,224,0.515,1,224,0.515,115.36,50176,0.265225,25840.64,59.4104,13307.9296,11239424,0.136590875,5788303.36,2980976.23,30.596356,6853.583744,1535202.759
13,788.346624,0.6,0.1,224.8,0.52,1,224.8,0.52,116.896,50535.04,0.2704,26278.2208,60.78592,13664.67482,11360276.99,0.140608,5907344.036,3071818.899,31.6086784,7105.630904,1597345.827
13.125,801.60192,0.6,0.1,225.6,0.525,1,225.6,0.525,118.44,50895.36,0.275625,26720.064,62.181,14028.0336,11481993.22,0.144703125,6028046.438,3164724.38,32.645025,7364.71764,1661480.3
13.25,814.985664,0.6,0.1,226.4,0.53,1,226.4,0.53,119.992,51256.96,0.2809,27166.1888,63.59576,14398.08006,11604575.74,0.148877,6150425.144,3259725.326,33.7057528,7630.982434,1727654.423
13.375,828.498432,0.6,0.1,227.2,0.535,1,227.2,0.535,121.552,51619.84,0.286225,27616.6144,65.03032,14774.8887,11728027.65,0.153130375,6274494.792,3356854.714,34.7912212,7904.565457,1795917.272
13.5,842.1408,0.6,0.1,228,0.54,1,228,0.54,123.12,51984,0.2916,28071.36,66.4848,15158.5344,11852352,0.157464,6400270.08,3456145.843,35.901792,8185.608576,1866318.755
13.625,855.913344,0.6,0.1,228.8,0.545,1,228.8,0.545,124.696,52349.44,0.297025,28530.4448,67.95932,15549.09242,11977551.87,0.161878625,6527765.77,3557632.345,37.0378294,8474.255367,1938909.628
13.75,869.81664,0.6,0.1,229.6,0.55,1,229.6,0.55,126.28,52716.16,0.3025,28993.888,69.454,15946.6384,12103630.34,0.166375,6656996.685,3661348.177,38.1997,8770.65112,2013741.497
13.875,883.851264,0.6,0.1,230.4,0.555,1,230.4,0.555,127.872,53084.16,0.308025,29461.7088,70.96896,16351.24838,12230590.46,0.170953875,6787977.708,3767327.628,39.3877728,9074.942853,2090866.833
14,898.017792,0.6,0.1,231.2,0.56,1,231.2,0.56,129.472,53453.44,0.3136,29933.9264,72.50432,16762.99878,12358435.33,0.175616,6920723.784,3875605.319,40.6024192,9387.279319,2170338.979
14.125,912.3168,0.6,0.1,232,0.565,1,232,0.565,131.08,53824,0.319225,30410.56,74.0602,17181.9664,12487168,0.180362125,7055249.92,3986216.205,41.844013,9707.811016,2252212.156
14.25,926.748864,0.6,0.1,232.8,0.57,1,232.8,0.57,132.696,54195.84,0.3249,30891.6288,75.63672,17608.22842,12616791.55,0.185193,7191571.185,4099195.575,43.1129304,10036.6902,2336541.478
14.375,941.31456,0.6,0.1,233.6,0.575,1,233.6,0.575,134.32,54568.96,0.330625,31377.152,77.234,18041.8624,12747309.06,0.190109375,7329702.707,4214579.057,44.40955,10374.07088,2423382.958
14.5,956.014464,0.6,0.1,234.4,0.58,1,234.4,0.58,135.952,54943.36,0.3364,31867.1488,78.85216,18482.9463,12878723.58,0.195112,7469659.679,4332402.614,45.7342528,10720.10886,2512793.516
14.625,970.849152,0.6,0.1,235.2,0.585,1,235.2,0.585,137.592,55319.04,0.342225,32361.6384,80.49132,18931.55846,13011038.21,0.200201625,7611457.352,4452702.551,47.0874222,11074.9617,2604830.992
14.75,985.8192,0.6,0.1,236,0.59,1,236,0.59,139.24,55696,0.3481,32860.64,82.1516,19387.7776,13144256,0.205379,7755111.04,4575515.514,48.469444,11438.78878,2699554.153
14.875,1000.925184,0.6,0.1,236.8,0.595,1,236.8,0.595,140.896,56074.24,0.354025,33364.1728,83.83312,19851.68282,13278380.03,0.210644875,7900636.119,4700878.491,49.8807064,11811.75128,2797022.702
15,1016.16768,0.6,0.1,237.6,0.6,1,237.6,0.6,142.56,56453.76,0.36,33872.256,85.536,20323.3536,13413413.38,0.216,8048048.026,4828828.815,51.3216,12194.01216,2897297.289
15.125,1031.547264,0.6,0.1,238.4,0.605,1,238.4,0.605,144.232,56834.56,0.366025,34384.9088,87.26036,20802.86982,13549359.1,0.221445125,8197362.258,4959404.166,52.7925178,12585.73624,3000439.52
15.25,1047.064512,0.6,0.1,239.2,0.61,1,239.2,0.61,145.912,57216.64,0.3721,34902.1504,89.00632,21290.31174,13686220.29,0.226981,8348594.376,5092642.569,54.2938552,12987.09016,3106511.967
15.375,1062.72,0.6,0.1,240,0.615,1,240,0.615,147.6,57600,0.378225,35424,90.774,21785.76,13824000,0.232608375,8501760,5228582.4,55.82601,13398.2424,3215578.176
15.5,1078.514304,0.6,0.1,240.8,0.62,1,240.8,0.62,149.296,57984.64,0.3844,35950.4768,92.56352,22289.29562,13962701.31,0.238328,8656874.813,5367262.384,57.3893824,13819.36328,3327702.678
15.625,1094.448,0.6,0.1,241.6,0.625,1,241.6,0.625,151,58370.56,0.390625,36481.6,94.375,22801,14102327.3,0.244140625,8813954.56,5508721.6,58.984375,14250.625,3442951
15.75,1110.521664,0.6,0.1,242.4,0.63,1,242.4,0.63,152.712,58757.76,0.3969,37017.3888,96.20856,23320.95494,14242881.02,0.250047,8973015.045,5652999.478,60.6113928,14692.20161,3561389.671
15.875,1126.735872,0.6,0.1,243.2,0.635,1,243.2,0.635,154.432,59146.24,0.403225,37557.8624,98.06432,23849.24262,14384365.57,0.256047875,9134072.136,5800135.806,62.2708432,15144.26907,3683086.237
16,1143.0912,0.6,0.1,244,0.64,1,244,0.64,156.16,59536,0.4096,38103.04,99.9424,24385.9456,14526784,0.262144,9297141.76,5950170.726,63.963136,15607.00518,3808109.265
16.125,1159.588224,0.6,0.1,244.8,0.645,1,244.8,0.645,157.896,59927.04,0.416025,38652.9408,101.84292,24931.14682,14670139.39,0.268336125,9462239.908,6103144.741,65.6886834,16080.5897,3936528.358
16.25,1176.22752,0.6,0.1,245.6,0.65,1,245.6,0.65,159.64,60319.36,0.4225,39207.584,103.766,25484.9296,14814434.82,0.274625,9629382.63,6259098.71,67.4479,16565.20424,4068414.161
16.375,1193.009664,0.6,0.1,246.4,0.655,1,246.4,0.655,161.392,60712.96,0.429025,39766.9888,105.71176,26047.37766,14959673.34,0.281011375,9798586.04,6418073.856,69.2412028,17061.03237,4203838.376
16.5,1209.935232,0.6,0.1,247.2,0.66,1,247.2,0.66,163.152,61107.84,0.4356,40331.1744,107.68032,26618.5751,15105858.05,0.287496,9969866.312,6580111.766,71.0690112,17568.25957,4342873.765
16.625,1227.0048,0.6,0.1,248,0.665,1,248,0.665,164.92,61504,0.442225,40900.16,109.6718,27198.6064,15252992,0.294079625,10143239.68,6745254.387,72.931747,18087.07326,4485594.167
16.75,1244.218944,0.6,0.1,248.8,0.67,1,248.8,0.67,166.696,61901.44,0.4489,41473.9648,111.68632,27787.55642,15401078.27,0.300763,10318722.44,6913544.036,74.8298344,18617.6628,4632074.504
16.875,1261.57824,0.6,0.1,249.6,0.675,1,249.6,0.675,168.48,62300.16,0.455625,42052.608,113.724,28385.5104,15550119.94,0.307546875,10496330.96,7085023.396,76.7637,19160.21952,4782390.792
17,1279.083264,0.6,0.1,250.4,0.68,1,250.4,0.68,170.272,62700.16,0.4624,42636.1088,115.78496,28992.55398,15700120.06,0.314432,10676081.64,7259735.518,78.7337728,19714.93671,4936620.152
17.125,1296.734592,0.6,0.1,251.2,0.685,1,251.2,0.685,172.072,63101.44,0.469225,43224.4864,117.86932,29608.77318,15851081.73,0.321419125,10857990.98,7437723.824,80.7404842,20282.00963,5094840.819
17.25,1314.5328,0.6,0.1,252,0.69,1,252,0.69,173.88,63504,0.4761,43817.76,119.9772,30234.2544,16003008,0.328509,11042075.52,7619032.109,82.784268,20861.63554,5257132.155
17.375,1332.478464,0.6,0.1,252.8,0.695,1,252.8,0.695,175.696,63907.84,0.483025,44415.9488,122.10872,30869.08442,16155901.95,0.335702375,11228351.86,7803704.54,84.8655604,21454.01367,5423574.656
17.5,1350.57216,0.6,0.1,253.6,0.7,1,253.6,0.7,177.52,64312.96,0.49,45019.072,124.264,31513.3504,16309766.66,0.343,11416836.66,7991785.661,86.9848,22059.34528,5594249.963
17.625,1368.814464,0.6,0.1,254.4,0.705,1,254.4,0.705,179.352,64719.36,0.497025,45627.1488,126.44316,32167.1399,16464605.18,0.350402625,11607546.65,8183320.392,89.1424278,22677.83363,5769240.876
17.75,1387.205952,0.6,0.1,255.2,0.71,1,255.2,0.71,181.192,65127.04,0.5041,46240.1984,128.64632,32830.54086,16620420.61,0.357911,11800498.63,8378354.028,91.3388872,23309.68401,5948631.36
17.875,1405.7472,0.6,0.1,256,0.715,1,256,0.715,183.04,65536,0.511225,46858.24,130.8736,33503.6416,16777216,0.365525875,11995709.44,8576932.25,93.574624,23955.10374,6132506.558
18,1424.438784,0.6,0.1,256.8,0.72,1,256.8,0.72,184.896,65946.24,0.5184,47481.2928,133.12512,34186.53082,16934994.43,0.373248,12193195.99,8779101.114,95.8500864,24614.30219,6320952.802
18.125,1443.28128,0.6,0.1,257.6,0.725,1,257.6,0.725,186.76,66357.76,0.525625,48109.376,135.401,34879.2976,17093758.98,0.381078125,12392975.26,8984907.062,98.165725,25287.49076,6514057.62
18.25,1462.275264,0.6,0.1,258.4,0.73,1,258.4,0.73,188.632,66770.56,0.5329,48742.5088,137.70136,35582.03142,17253512.7,0.389017,12595064.27,9194396.92,100.5219928,25974.88294,6711909.752
18.375,1481.421312,0.6,0.1,259.2,0.735,1,259.2,0.735,190.512,67184.64,0.540225,49380.7104,140.02632,36294.82214,17414258.69,0.397065375,12799480.14,9407617.9,102.9193452,26676.69428,6914599.156
18.5,1500.72,0.6,0.1,260,0.74,1,260,0.74,192.4,67600,0.5476,50024,142.376,37017.76,17576000,0.405224,13006240,9624617.6,105.35824,27393.1424,7122217.024
18.625,1520.171904,0.6,0.1,260.8,0.745,1,260.8,0.745,194.296,68016.64,0.555025,50672.3968,144.75052,37750.93562,17738739.71,0.413493625,13215361.09,9845444.009,107.8391374,28124.44703,7334855.786
18.75,1539.7776,0.6,0.1,261.6,0.75,1,261.6,0.75,196.2,68434.56,0.5625,51325.92,147.15,38494.44,17902480.9,0.421875,13426860.67,10070145.5,110.3625,28870.83,7552609.128
18.875,1559.537664,0.6,0.1,262.4,0.755,1,262.4,0.755,198.112,68853.76,0.570025,51984.5888,149.57456,39248.36454,18067226.62,0.430368875,13640756.1,10298770.86,112.9287928,29632.51523,7775571.997
19,1579.452672,0.6,0.1,263.2,0.76,1,263.2,0.76,200.032,69274.24,0.5776,52648.4224,152.02432,40012.80102,18232979.97,0.438976,13857064.78,10531369.23,115.5384832,30409.72878,8003840.614
19.125,1599.5232,0.6,0.1,264,0.765,1,264,0.765,201.96,69696,0.585225,53317.44,154.4994,40787.8416,18399744,0.447697125,14075804.16,10767990.18,118.192041,31202.69882,8237512.49
19.25,1619.749824,0.6,0.1,264.8,0.77,1,264.8,0.77,203.896,70119.04,0.5929,53991.6608,156.99992,41573.57882,18567521.79,0.456533,14296991.78,11008683.67,120.8899384,32011.65569,8476686.426
19.375,1640.13312,0.6,0.1,265.6,0.775,1,265.6,0.775,205.84,70543.36,0.600625,54671.104,159.526,42370.1056,18736316.42,0.465484375,14520645.22,11253500.05,123.63265,32836.83184,8721462.537
19.5,1660.673664,0.6,0.1,266.4,0.78,1,266.4,0.78,207.792,70968.96,0.6084,55355.7888,162.07776,43177.51526,18906130.94,0.474552,14746782.14,11502490.07,126.4206528,33678.46191,8971942.252
19.625,1681.372032,0.6,0.1,267.2,0.785,1,267.2,0.785,209.752,71395.84,0.616225,56045.7344,164.65532,43995.9015,19076968.45,0.483736625,14975420.23,11755704.88,129.2544262,34536.78268,9228228.332
19.75,1702.2288,0.6,0.1,268,0.79,1,268,0.79,211.72,71824,0.6241,56740.96,167.2588,44825.3584,19248832,0.493039,15206577.28,12013196.05,132.134452,35412.03314,9490424.88
19.875,1723.244544,0.6,0.1,268.8,0.795,1,268.8,0.795,213.696,72253.44,0.632025,57441.4848,169.88832,45665.98042,19421724.67,0.502459875,15440271.11,12275015.54,135.0612144,36304.45443,9758637.351
20,1744.41984,0.6,0.1,269.6,0.8,1,269.6,0.8,215.68,72684.16,0.64,58147.328,172.544,46517.8624,19595649.54,0.512,15676519.63,12541215.7,138.0352,37214.28992,10032972.56
20.125,1765.755264,0.6,0.1,270.4,0.805,1,270.4,0.805,217.672,73116.16,0.648025,58858.5088,175.22596,47381.09958,19770609.66,0.521660125,15915340.78,12811849.33,141.0568978,38141.78517,10313538.71
20.25,1787.251392,0.6,0.1,271.2,0.81,1,271.2,0.81,219.672,73549.44,0.6561,59575.0464,177.93432,48255.78758,19946608.13,0.531441,16156752.58,13086969.59,144.1267992,39087.18794,10600445.37
20.375,1808.9088,0.6,0.1,272,0.815,1,272,0.815,221.68,73984,0.664225,60296.96,180.6692,49142.0224,20123648,0.541343375,16400773.12,13366630.09,147.245398,40050.74826,10893803.53
20.5,1830.728064,0.6,0.1,272.8,0.82,1,272.8,0.82,223.696,74419.84,0.6724,61024.2688,183.43072,50039.90042,20301732.35,0.551368,16647420.53,13650884.83,150.4131904,41032.71834,11193725.56
20.625,1852.70976,0.6,0.1,273.6,0.825,1,273.6,0.825,225.72,74856.96,0.680625,61756.992,186.219,50949.5184,20480864.26,0.561515625,16896713.01,13939788.23,153.630675,42033.35268,11500325.29
20.75,1874.854464,0.6,0.1,274.4,0.83,1,274.4,0.83,227.752,75295.36,0.6889,62495.1488,189.03416,51870.9735,20661046.78,0.571787,17148668.83,14233395.13,156.8983528,43052.90801,11813717.96
20.875,1897.162752,0.6,0.1,275.2,0.835,1,275.2,0.835,229.792,75735.04,0.697225,63238.7584,191.87632,52804.36326,20842283.01,0.582182875,17403306.31,14531760.77,160.2167272,44091.64333,12134020.24
21,1919.6352,0.6,0.1,276,0.84,1,276,0.84,231.84,76176,0.7056,63987.84,194.7456,53749.7856,21024576,0.592704,17660643.84,14834940.83,163.586304,45149.8199,12461350.29
21.125,1942.272384,0.6,0.1,276.8,0.845,1,276.8,0.845,233.896,76618.24,0.714025,64742.4128,197.64212,54707.33882,21207928.83,0.603351125,17920699.86,15142991.38,167.0075914,46227.7013,12795827.72
21.25,1965.07488,0.6,0.1,277.6,0.85,1,277.6,0.85,235.96,77061.76,0.7225,65502.496,200.566,55677.1216,21392344.58,0.614125,18183492.89,15455968.96,170.4811,47325.55336,13137573.61
21.375,1988.043264,0.6,0.1,278.4,0.855,1,278.4,0.855,238.032,77506.56,0.731025,66268.1088,203.51736,56659.23302,21577826.3,0.625026375,18449041.49,15773930.47,174.0073428,48443.64424,13486710.56
21.5,2011.178112,0.6,0.1,279.2,0.86,1,279.2,0.86,240.112,77952.64,0.7396,67039.2704,206.49632,57653.77254,21764377.09,0.636056,18717364.3,16096933.29,177.5868352,49582.24439,13843362.63
21.625,2034.48,0.6,0.1,280,0.865,1,280,0.865,242.2,78400,0.748225,67816,209.503,58660.84,21952000,0.647214625,18988480,16425035.2,181.220095,50741.6266,14207655.45
21.75,2057.949504,0.6,0.1,280.8,0.87,1,280.8,0.87,244.296,78848.64,0.7569,68598.3168,212.53752,59680.53562,22140698.11,0.658503,19262407.36,16758294.4,184.9076424,51922.06599,14579716.13
21.875,2081.5872,0.6,0.1,281.6,0.875,1,281.6,0.875,246.4,79298.56,0.765625,69386.24,215.6,60712.96,22330474.5,0.669921875,19539165.18,17096769.54,188.65,53123.84,14959673.34
22,2105.393664,0.6,0.1,282.4,0.88,1,282.4,0.88,248.512,79749.76,0.7744,70179.7888,218.69056,61758.21414,22521332.22,0.681472,19818772.36,17440519.67,192.4476928,54347.22845,15347657.31
22.125,2129.369472,0.6,0.1,283.2,0.885,1,283.2,0.885,250.632,80202.24,0.783225,70978.9824,221.80932,62816.39942,22713274.37,0.693154125,20101247.82,17789604.32,196.3012482,55592.51349,15743799.82
22.25,2153.5152,0.6,0.1,284,0.89,1,284,0.89,252.76,80656,0.7921,71783.84,224.9564,63887.6176,22906304,0.704969,20386610.56,18144083.4,200.211196,56859.97966,16148234.22
22.375,2177.831424,0.6,0.1,284.8,0.895,1,284.8,0.895,254.896,81111.04,0.801025,72594.3808,228.13192,64971.97082,23100424.19,0.716917375,20674879.65,18504017.29,204.1780684,58149.91388,16561095.47
22.5,2202.31872,0.6,0.1,285.6,0.9,1,285.6,0.9,257.04,81567.36,0.81,73410.624,231.336,66069.5616,23295638.02,0.729,20966074.21,18869466.79,208.2024,59462.60544,16982520.11
22.625,2226.977664,0.6,0.1,286.4,0.905,1,286.4,0.905,259.192,82024.96,0.819025,74232.5888,234.56876,67180.49286,23491948.54,0.741217625,21260213.43,19240493.16,212.2847278,60798.34604,17412646.31
22.75,2251.808832,0.6,0.1,287.2,0.91,1,287.2,0.91,261.352,82483.84,0.8281,75060.2944,237.83032,68304.8679,23689358.85,0.753571,21557316.55,19617158.06,216.4255912,62157.42979,17851613.84
22.875,2276.8128,0.6,0.1,288,0.915,1,288,0.915,263.52,82944,0.837225,75893.76,241.1208,69442.7904,23887872,0.766060875,21857402.88,19999523.64,220.625532,63540.15322,18299564.13
23,2301.990144,0.6,0.1,288.8,0.92,1,288.8,0.92,265.696,83405.44,0.8464,76733.0048,244.44032,70594.36442,24087491.07,0.778688,22160491.79,20387652.44,224.8850944,64946.81526,18756640.25
23.125,2327.34144,0.6,0.1,289.6,0.925,1,289.6,0.925,267.88,83868.16,0.855625,77578.048,247.789,71759.6944,24288219.14,0.791453125,22466602.7,20781607.5,229.204825,66377.71732,19222986.94
23.25,2352.867264,0.6,0.1,290.4,0.93,1,290.4,0.93,270.072,84332.16,0.8649,78428.9088,251.16696,72938.88518,24490059.26,0.804357,22775755.12,21181452.26,233.5852728,67833.16322,19698750.6
23.375,2378.568192,0.6,0.1,291.2,0.935,1,291.2,0.935,272.272,84797.44,0.874225,79285.6064,254.57432,74132.04198,24693014.53,0.817400375,23087968.58,21587250.63,238.0269892,69313.45926,20184079.34
23.5,2404.4448,0.6,0.1,292,0.94,1,292,0.94,274.48,85264,0.8836,80148.16,258.0112,75339.2704,24897088,0.830584,23403262.72,21999066.96,242.530528,70818.91418,20679122.94
23.625,2430.497664,0.6,0.1,292.8,0.945,1,292.8,0.945,276.696,85731.84,0.893025,81016.5888,261.47772,76560.67642,25102282.75,0.843908625,23721657.2,22416966.05,247.0964454,72349.83921,21184032.92
23.75,2456.72736,0.6,0.1,293.6,0.95,1,293.6,0.95,278.92,86200.96,0.9025,81890.912,264.974,77796.3664,25308601.86,0.857375,24043171.76,22841013.18,251.7253,73906.54808,21698962.52
23.875,2483.134464,0.6,0.1,294.4,0.955,1,294.4,0.955,281.152,86671.36,0.912025,82771.1488,268.50016,79046.4471,25516048.38,0.870983875,24367826.21,23271274.03,256.4176528,75489.35698,22224066.7
24,2509.719552,0.6,0.1,295.2,0.96,1,295.2,0.96,283.392,87143.04,0.9216,83657.3184,272.05632,80311.02566,25724625.41,0.884736,24695640.39,23707814.78,261.1740672,77098.58464,22759502.18
24.125,2536.4832,0.6,0.1,296,0.965,1,296,0.965,285.64,87616,0.931225,84549.44,275.6426,81590.2096,25934336,0.898632125,25026634.24,24150702.04,265.995109,78734.55226,23305427.47
24.25,2563.425984,0.6,0.1,296.8,0.97,1,296.8,0.97,287.896,88090.24,0.9409,85447.5328,279.25912,82884.10682,26145183.23,0.912673,25360827.74,24600002.9,270.8813464,80397.58361,23862002.82
24.375,2590.54848,0.6,0.1,297.6,0.975,1,297.6,0.975,290.16,88565.76,0.950625,86351.616,282.906,84192.8256,26357170.18,0.926859375,25698240.92,25055784.9,275.83335,82088.00496,24429390.28
24.5,2617.851264,0.6,0.1,298.4,0.98,1,298.4,0.98,292.432,89042.56,0.9604,87261.7088,286.58336,85516.47462,26570299.9,0.941192,26038893.91,25518116.03,280.8516928,83806.14513,25007753.71
24.625,2645.334912,0.6,0.1,299.2,0.985,1,299.2,0.985,294.712,89520.64,0.970225,88177.8304,290.29132,86855.16294,26784575.49,0.955671625,26382806.86,25987064.75,285.9369502,85552.3355,25597258.78
24.75,2673,0.6,0.1,300,0.99,1,300,0.99,297,90000,0.9801,89100,294.03,88209,27000000,0.970299,26730000,26462700,291.0897,87326.91,26198073
24.875,2686.5,0.6,0.1,300,0.995,1,300,0.995,298.5,90000,0.990025,89550,297.0075,89102.25,27000000,0.985074875,26865000,26730675,295.5224625,88656.73875,26597021.63
25,2700,0.6,0.1,300,1,1,300,1,300,90000,1,90000,300,90000,27000000,1,27000000,27000000,300,90000,27000000
25.125,2713.5,0.6,0.1,300,1.005,1,300,1.005,301.5,90000,1.010025,90450,303.0075,90902.25,27000000,1.015075125,27135000,27270675,304.5225375,91356.76125,27407028.38
25.25,2727,0.6,0.1,300,1.01,1,300,1.01,303,90000,1.0201,90900,306.03,91809,27000000,1.030301,27270000,27542700,309.0903,92727.09,27818127
25.375,2740.5,0.6,0.1,300,1.015,1,300,1.015,304.5,90000,1.030225,91350,309.0675,92720.25,27000000,1.045678375,27405000,27816075,313.7035125,94111.05375,28233316.13
25.5,2754,0.6,0.1,300,1.02,1,300,1.02,306,90000,1.0404,91800,312.12,93636,27000000,1.061208,27540000,28090800,318.3624,95508.72,28652616
25.625,2767.5,0.6,0.1,300,1.025,1,300,1.025,307.5,90000,1.050625,92250,315.1875,94556.25,27000000,1.076890625,27675000,28366875,323.0671875,96920.15625,29076046.88
25.75,2781,0.6,0.1,300,1.03,1,300,1.03,309,90000,1.0609,92700,318.27,95481,27000000,1.092727,27810000,28644300,327.8181,98345.43,29503629
25.875,2794.5,0.6,0.1,300,1.035,1,300,1.035,310.5,90000,1.071225,93150,321.3675,96410.25,27000000,1.108717875,27945000,28923075,332.6153625,99784.60875,29935382.63
26,2808,0.6,0.1,300,1.04,1,300,1.04,312,90000,1.0816,93600,324.48,97344,27000000,1.124864,28080000,29203200,337.4592,101237.76,30371328
26.125,2821.5,0.6,0.1,300,1.045,1,300,1.045,313.5,90000,1.092025,94050,327.6075,98282.25,27000000,1.141166125,28215000,29484675,342.3498375,102704.9513,30811485.38
26.25,2835,0.6,0.1,300,1.05,1,300,1.05,315,90000,1.1025,94500,330.75,99225,27000000,1.157625,28350000,29767500,347.2875,104186.25,31255875
26.375,2848.5,0.6,0.1,300,1.055,1,300,1.055,316.5,90000,1.113025,94950,333.9075,100172.25,27000000,1.174241375,28485000,30051675,352.2724125,105681.7238,31704517.13
26.5,2862,0.6,0.1,300,1.06,1,300,1.06,318,90000,1.1236,95400,337.08,101124,27000000,1.191016,28620000,30337200,357.3048,107191.44,32157432
26.625,2875.5,0.6,0.1,300,1.065,1,300,1.065,319.5,90000,1.134225,95850,340.2675,102080.25,27000000,1.207949625,28755000,30624075,362.3848875,108715.4663,32614639.88
26.75,2889,0.6,0.1,300,1.07,1,300,1.07,321,90000,1.1449,96300,343.47,103041,27000000,1.225043,28890000,30912300,367.5129,110253.87,33076161
26.875,2902.5,0.6,0.1,300,1.075,1,300,1.075,322.5,90000,1.155625,96750,346.6875,104006.25,27000000,1.242296875,29025000,31201875,372.6890625,111806.7188,33542015.63
27,2916,0.6,0.1,300,1.08,1,300,1.08,324,90000,1.1664,97200,349.92,104976,27000000,1.259712,29160000,31492800,377.9136,113374.08,34012224
27.125,2929.5,0.6,0.1,300,1.085,1,300,1.085,325.5,90000,1.177225,97650,353.1675,105950.25,27000000,1.277289125,29295000,31785075,383.1867375,114956.0213,34486806.38
27.25,2943,0.6,0.1,300,1.09,1,300,1.09,327,90000,1.1881,98100,356.43,106929,27000000,1.295029,29430000,32078700,388.5087,116552.61,34965783
27.375,2956.5,0.6,0.1,300,1.095,1,300,1.095,328.5,90000,1.199025,98550,359.7075,107912.25,27000000,1.312932375,29565000,32373675,393.8797125,118163.9138,35449174.13
27.5,2970,0.6,0.1,300,1.1,1,300,1.1,330,90000,1.21,99000,363,108900,27000000,1.331,29700000,32670000,399.3,119790,35937000
27.625,2983.5,0.6,0.1,300,1.105,1,300,1.105,331.5,90000,1.221025,99450,366.3075,109892.25,27000000,1.349232625,29835000,32967675,404.7697875,121430.9363,36429280.88
27.75,2997,0.6,0.1,300,1.11,1,300,1.11,333,90000,1.2321,99900,369.63,110889,27000000,1.367631,29970000,33266700,410.2893,123086.79,36926037
27.875,3010.5,0.6,0.1,300,1.115,1,300,1.115,334.5,90000,1.243225,100350,372.9675,111890.25,27000000,1.386195875,30105000,33567075,415.8587625,124757.6288,37427288.63
28,3024,0.6,0.1,300,1.12,1,300,1.12,336,90000,1.2544,100800,376.32,112896,27000000,1.404928,30240000,33868800,421.4784,126443.52,37933056
28.125,3037.5,0.6,0.1,300,1.125,1,300,1.125,337.5,90000,1.265625,101250,379.6875,113906.25,27000000,1.423828125,30375000,34171875,427.1484375,128144.5313,38443359.38
28.25,3051,0.6,0.1,300,1.13,1,300,1.13,339,90000,1.2769,101700,383.07,114921,27000000,1.442897,30510000,34476300,432.8691,129860.73,38958219
28.375,3064.5,0.6,0.1,300,1.135,1,300,1.135,340.5,90000,1.288225,102150,386.4675,115940.25,27000000,1.462135375,30645000,34782075,438.6406125,131592.1838,39477655.13
28.5,3078,0.6,0.1,300,1.14,1,300,1.14,342,90000,1.2996,102600,389.88,116964,27000000,1.481544,30780000,35089200,444.4632,133338.96,40001688
28.625,3091.5,0.6,0.1,300,1.145,1,300,1.145,343.5,90000,1.311025,103050,393.3075,117992.25,27000000,1.501123625,30915000,35397675,450.3370875,135101.1263,40530337.88
28.75,3105,0.6,0.1,300,1.15,1,300,1.15,345,90000,1.3225,103500,396.75,119025,27000000,1.520875,31050000,35707500,456.2625,136878.75,41063625
28.875,3118.5,0.6,0.1,300,1.155,1,300,1.155,346.5,90000,1.334025,103950,400.2075,120062.25,27000000,1.540798875,31185000,36018675,462.2396625,138671.8988,41601569.63
29,3132,0.6,0.1,300,1.16,1,300,1.16,348,90000,1.3456,104400,403.68,121104,27000000,1.560896,31320000,36331200,468.2688,140480.64,42144192
29.125,3145.5,0.6,0.1,300,1.165,1,300,1.165,349.5,90000,1.357225,104850,407.1675,122150.25,27000000,1.581167125,31455000,36645075,474.3501375,142305.0413,42691512.38
29.25,3159,0.6,0.1,300,1.17,1,300,1.17,351,90000,1.3689,105300,410.67,123201,27000000,1.601613,31590000,36960300,480.4839,144145.17,43243551
29.375,3172.5,0.6,0.1,300,1.175,1,300,1.175,352.5,90000,1.380625,105750,414.1875,124256.25,27000000,1.622234375,31725000,37276875,486.6703125,146001.0938,43800328.13
29.5,3186,0.6,0.1,300,1.18,1,300,1.18,354,90000,1.3924,106200,417.72,125316,27000000,1.643032,31860000,37594800,492.9096,147872.88,44361864
29.625,3199.5,0.6,0.1,300,1.185,1,300,1.185,355.5,90000,1.404225,106650,421.2675,126380.25,27000000,1.664006625,31995000,37914075,499.2019875,149760.5963,44928178.88
29.75,3213,0.6,0.1,300,1.19,1,300,1.19,357,90000,1.4161,107100,424.83,127449,27000000,1.685159,32130000,38234700,505.5477,151664.31,45499293
29.875,3226.5,0.6,0.1,300,1.195,1,300,1.195,358.5,90000,1.428025,107550,428.4075,128522.25,27000000,1.706489875,32265000,38556675,511.9469625,153584.0888,46075226.63
30,3240,0.6,0.1,300,1.2,1,300,1.2,360,90000,1.44,108000,432,129600,27000000,1.728,32400000,38880000,518.4,155520,46656000
30.125,3253.5,0.6,0.1,300,1.205,1,300,1.205,361.5,90000,1.452025,108450,435.6075,130682.25,27000000,1.749690125,32535000,39204675,524.9070375,157472.1113,47241633.38
30.25,3267,0.6,0.1,300,1.21,1,300,1.21,363,90000,1.4641,108900,439.23,131769,27000000,1.771561,32670000,39530700,531.4683,159440.49,47832147
30.375,3280.5,0.6,0.1,300,1.215,1,300,1.215,364.5,90000,1.476225,109350,442.8675,132860.25,27000000,1.793613375,32805000,39858075,538.0840125,161425.2038,48427561.13
30.5,3294,0.6,0.1,300,1.22,1,300,1.22,366,90000,1.4884,109800,446.52,133956,27000000,1.815848,32940000,40186800,544.7544,163426.32,49027896
30.625,3307.5,0.6,0.1,300,1.225,1,300,1.225,367.5,90000,1.500625,110250,450.1875,135056.25,27000000,1.838265625,33075000,40516875,551.4796875,165443.9063,49633171.88
30.75,3321,0.6,0.1,300,1.23,1,300,1.23,369,90000,1.5129,110700,453.87,136161,27000000,1.860867,33210000,40848300,558.2601,167478.03,50243409
30.875,3334.5,0.6,0.1,300,1.235,1,300,1.235,370.5,90000,1.525225,111150,457.5675,137270.25,27000000,1.883652875,33345000,41181075,565.0958625,169528.7588,50858627.63
31,3348,0.6,0.1,300,1.24,1,300,1.24,372,90000,1.5376,111600,461.28,138384,27000000,1.906624,33480000,41515200,571.9872,171596.16,51478848
31.125,3361.5,0.6,0.1,300,1.245,1,300,1.245,373.5,90000,1.550025,112050,465.0075,139502.25,27000000,1.929781125,33615000,41850675,578.9343375,173680.3013,52104090.38
31.25,3375,0.6,0.1,300,1.25,1,300,1.25,375,90000,1.5625,112500,468.75,140625,27000000,1.953125,33750000,42187500,585.9375,175781.25,52734375
31.375,3388.5,0.6,0.1,300,1.255,1,300,1.255,376.5,90000,1.575025,112950,472.5075,141752.25,27000000,1.976656375,33885000,42525675,592.9969125,177899.0738,53369722.13
31.5,3402,0.6,0.1,300,1.26,1,300,1.26,378,90000,1.5876,113400,476.28,142884,27000000,2.000376,34020000,42865200,600.1128,180033.84,54010152
31.625,3415.5,0.6,0.1,300,1.265,1,300,1.265,379.5,90000,1.600225,113850,480.0675,144020.25,27000000,2.024284625,34155000,43206075,607.2853875,182185.6163,54655684.88
31.75,3429,0.6,0.1,300,1.27,1,300,1.27,381,90000,1.6129,114300,483.87,145161,27000000,2.048383,34290000,43548300,614.5149,184354.47,55306341
31.875,3442.5,0.6,0.1,300,1.275,1,300,1.275,382.5,90000,1.625625,114750,487.6875,146306.25,27000000,2.072671875,34425000,43891875,621.8015625,186540.4688,55962140.63
32,3456,0.6,0.1,300,1.28,1,300,1.28,384,90000,1.6384,115200,491.52,147456,27000000,2.097152,34560000,44236800,629.1456,188743.68,56623104
32.125,3469.5,0.6,0.1,300,1.285,1,300,1.285,385.5,90000,1.651225,115650,495.3675,148610.25,27000000,2.121824125,34695000,44583075,636.5472375,190964.1713,57289251.38
32.25,3483,0.6,0.1,300,1.29,1,300,1.29,387,90000,1.6641,116100,499.23,149769,27000000,2.146689,34830000,44930700,644.0067,193202.01,57960603
32.375,3496.5,0.6,0.1,300,1.295,1,300,1.295,388.5,90000,1.677025,116550,503.1075,150932.25,27000000,2.171747375,34965000,45279675,651.5242125,195457.2638,58637179.13
32.5,3510,0.6,0.1,300,1.3,1,300,1.3,390,90000,1.69,117000,507,152100,27000000,2.197,35100000,45630000,659.1,197730,59319000
32.625,3523.5,0.6,0.1,300,1.305,1,300,1.305,391.5,90000,1.703025,117450,510.9075,153272.25,27000000,2.222447625,35235000,45981675,666.7342875,200020.2863,60006085.88
32.75,3537,0.6,0.1,300,1.31,1,300,1.31,393,90000,1.7161,117900,514.83,154449,27000000,2.248091,35370000,46334700,674.4273,202328.19,60698457
32.875,3550.5,0.6,0.1,300,1.315,1,300,1.315,394.5,90000,1.729225,118350,518.7675,155630.25,27000000,2.273930875,35505000,46689075,682.1792625,204653.7788,61396133.63
33,3564,0.6,0.1,300,1.32,1,300,1.32,396,90000,1.7424,118800,522.72,156816,27000000,2.299968,35640000,47044800,689.9904,206997.12,62099136
33.125,3577.5,0.6,0.1,300,1.325,1,300,1.325,397.5,90000,1.755625,119250,526.6875,158006.25,27000000,2.326203125,35775000,47401875,697.8609375,209358.2813,62807484.38
33.25,3591,0.6,0.1,300,1.33,1,300,1.33,399,90000,1.7689,119700,530.67,159201,27000000,2.352637,35910000,47760300,705.7911,211737.33,63521199
33.375,3604.5,0.6,0.1,300,1.335,1,300,1.335,400.5,90000,1.782225,120150,534.6675,160400.25,27000000,2.379270375,36045000,48120075,713.7811125,214134.3338,64240300.13
33.5,3618,0.6,0.1,300,1.34,1,300,1.34,402,90000,1.7956,120600,538.68,161604,27000000,2.406104,36180000,48481200,721.8312,216549.36,64964808
33.625,3631.5,0.6,0.1,300,1.345,1,300,1.345,403.5,90000,1.809025,121050,542.7075,162812.25,27000000,2.433138625,36315000,48843675,729.9415875,218982.4763,65694742.88
33.75,3645,0.6,0.1,300,1.35,1,300,1.35,405,90000,1.8225,121500,546.75,164025,27000000,2.460375,36450000,49207500,738.1125,221433.75,66430125
33.875,3658.5,0.6,0.1,300,1.355,1,300,1.355,406.5,90000,1.836025,121950,550.8075,165242.25,27000000,2.487813875,36585000,49572675,746.3441625,223903.2488,67170974.63
34,3672,0.6,0.1,300,1.36,1,300,1.36,408,90000,1.8496,122400,554.88,166464,27000000,2.515456,36720000,49939200,754.6368,226391.04,67917312
34.125,3685.5,0.6,0.1,300,1.365,1,300,1.365,409.5,90000,1.863225,122850,558.9675,167690.25,27000000,2.543302125,36855000,50307075,762.9906375,228897.1913,68669157.38
34.25,3699,0.6,0.1,300,1.37,1,300,1.37,411,90000,1.8769,123300,563.07,168921,27000000,2.571353,36990000,50676300,771.4059,231421.77,69426531
34.375,3712.5,0.6,0.1,300,1.375,1,300,1.375,412.5,90000,1.890625,123750,567.1875,170156.25,27000000,2.599609375,37125000,51046875,779.8828125,233964.8438,70189453.13
34.5,3726,0.6,0.1,300,1.38,1,300,1.38,414,90000,1.9044,124200,571.32,171396,27000000,2.628072,37260000,51418800,788.4216,236526.48,70957944
34.625,3739.5,0.6,0.1,300,1.385,1,300,1.385,415.5,90000,1.918225,124650,575.4675,172640.25,27000000,2.656741625,37395000,51792075,797.0224875,239106.7463,71732023.88
34.75,3753,0.6,0.1,300,1.39,1,300,1.39,417,90000,1.9321,125100,579.63,173889,27000000,2.685619,37530000,52166700,805.6857,241705.71,72511713
34.875,3766.5,0.6,0.1,300,1.395,1,300,1.395,418.5,90000,1.946025,125550,583.8075,175142.25,27000000,2.714704875,37665000,52542675,814.4114625,244323.4388,73297031.63
35,3780,0.6,0.1,300,1.4,1,300,1.4,420,90000,1.96,126000,588,176400,27000000,2.744,37800000,52920000,823.2,246960,74088000
35.125,3793.5,0.6,0.1,300,1.405,1,300,1.405,421.5,90000,1.974025,126450,592.2075,177662.25,27000000,2.773505125,37935000,53298675,832.0515375,249615.4613,74884638.38
35.25,3807,0.6,0.1,300,1.41,1,300,1.41,423,90000,1.9881,126900,596.43,178929,27000000,2.803221,38070000,53678700,840.9663,252289.89,75686967
35.375,3820.5,0.6,0.1,300,1.415,1,300,1.415,424.5,90000,2.002225,127350,600.6675,180200.25,27000000,2.833148375,38205000,54060075,849.9445125,254983.3538,76495006.13
35.5,3834,0.6,0.1,300,1.42,1,300,1.42,426,90000,2.0164,127800,604.92,181476,27000000,2.863288,38340000,54442800,858.9864,257695.92,77308776
35.625,3847.5,0.6,0.1,300,1.425,1,300,1.425,427.5,90000,2.030625,128250,609.1875,182756.25,27000000,2.893640625,38475000,54826875,868.0921875,260427.6563,78128296.88
35.75,3861,0.6,0.1,300,1.43,1,300,1.43,429,90000,2.0449,128700,613.47,184041,27000000,2.924207,38610000,55212300,877.2621,263178.63,78953589
35.875,3874.5,0.6,0.1,300,1.435,1,300,1.435,430.5,90000,2.059225,129150,617.7675,185330.25,27000000,2.954987875,38745000,55599075,886.4963625,265948.9088,79784672.63
36,3888,0.6,0.1,300,1.44,1,300,1.44,432,90000,2.0736,129600,622.08,186624,27000000,2.985984,38880000,55987200,895.7952,268738.56,80621568
36.125,3901.5,0.6,0.1,300,1.445,1,300,1.445,433.5,90000,2.088025,130050,626.4075,187922.25,27000000,3.017196125,39015000,56376675,905.1588375,271547.6513,81464295.38
36.25,3915,0.6,0.1,300,1.45,1,300,1.45,435,90000,2.1025,130500,630.75,189225,27000000,3.048625,39150000,56767500,914.5875,274376.25,82312875
36.375,3928.5,0.6,0.1,300,1.455,1,300,1.455,436.5,90000,2.117025,130950,635.1075,190532.25,27000000,3.080271375,39285000,57159675,924.0814125,277224.4238,83167327.13
36.5,3942,0.6,0.1,300,1.46,1,300,1.46,438,90000,2.1316,131400,639.48,191844,27000000,3.112136,39420000,57553200,933.6408,280092.24,84027672
36.625,3955.5,0.6,0.1,300,1.465,1,300,1.465,439.5,90000,2.146225,131850,643.8675,193160.25,27000000,3.144219625,39555000,57948075,943.2658875,282979.7663,84893929.88
36.75,3969,0.6,0.1,300,1.47,1,300,1.47,441,90000,2.1609,132300,648.27,194481,27000000,3.176523,39690000,58344300,952.9569,285887.07,85766121
36.875,3982.5,0.6,0.1,300,1.475,1,300,1.475,442.5,90000,2.175625,132750,652.6875,195806.25,27000000,3.209046875,39825000,58741875,962.7140625,288814.2188,86644265.63
37,3996,0.6,0.1,300,1.48,1,300,1.48,444,90000,2.1904,133200,657.12,197136,27000000,3.241792,39960000,59140800,972.5376,291761.28,87528384
37.125,4009.5,0.6,0.1,300,1.485,1,300,1.485,445.5,90000,2.205225,133650,661.5675,198470.25,27000000,3.274759125,40095000,59541075,982.4277375,294728.3213,88418496.38
37.25,4023,0.6,0.1,300,1.49,1,300,1.49,447,90000,2.2201,134100,666.03,199809,27000000,3.307949,40230000,59942700,992.3847,297715.41,89314623
37.375,4025.743176,0.6,0.1,299.6,1.495,1,299.6,1.495,447.902,89760.16,2.235025,134191.4392,669.61349,200616.2016,26892143.94,3.341362375,40203755.18,60104614,1001.072168,299921.2214,89856397.93
37.5,4028.4288,0.6,0.1,299.2,1.5,1,299.2,1.5,448.8,89520.64,2.25,134280.96,673.2,201421.44,26784575.49,3.375,40176863.23,60265294.85,1009.8,302132.16,90397942.27
37.625,4031.057016,0.6,0.1,298.8,1.505,1,298.8,1.505,449.694,89281.44,2.265025,134368.5672,676.78947,202224.6936,26677294.27,3.408862625,40149327.88,60424738.46,1018.568152,304348.1639,90939231.38
37.75,4033.627968,0.6,0.1,298.4,1.51,1,298.4,1.51,450.584,89042.56,2.2801,134454.2656,680.38184,203025.9411,26570299.9,3.442951,40121152.86,60582940.81,1027.376578,306569.171,91480240.62
37.875,4036.1418,0.6,0.1,298,1.515,1,298,1.515,451.47,88804,2.295225,134538.06,683.97705,203825.1609,26463592,3.477265875,40092341.88,60739897.95,1036.225231,308795.1188,92020945.39
38,4038.598656,0.6,0.1,297.6,1.52,1,297.6,1.52,452.352,88565.76,2.3104,134619.9552,687.57504,204622.3319,26357170.18,3.511808,40062898.67,60895605.97,1045.114061,311025.9445,92561321.08
38.125,4040.99868,0.6,0.1,297.2,1.525,1,297.2,1.525,453.23,88327.84,2.325625,134699.956,691.17575,205417.4329,26251034.05,3.546578125,40032826.92,61050061.06,1054.043019,313261.5852,93101343.11
38.25,4043.342016,0.6,0.1,296.8,1.53,1,296.8,1.53,454.104,88090.24,2.3409,134778.0672,694.77912,206210.4428,26145183.23,3.581577,40002130.34,61203259.43,1063.012054,315501.9775,93640986.92
38.375,4045.628808,0.6,0.1,296.4,1.535,1,296.4,1.535,454.974,87852.96,2.356225,134854.2936,698.38509,207001.3407,26039617.34,3.616805375,39970812.62,61355197.38,1072.021113,317747.0579,94180227.97
38.5,4047.8592,0.6,0.1,296,1.54,1,296,1.54,455.84,87616,2.3716,134928.64,701.9936,207790.1056,25934336,3.652264,39938877.44,61505871.26,1081.070144,319996.7626,94719041.74
38.625,4050.033336,0.6,0.1,295.6,1.545,1,295.6,1.545,456.702,87379.36,2.387025,135001.1112,705.60459,208576.7168,25829338.82,3.687953625,39906328.47,61655277.49,1090.159092,322251.0275,95257403.72
38.75,4052.15136,0.6,0.1,295.2,1.55,1,295.2,1.55,457.56,87143.04,2.4025,135071.712,709.218,209361.1536,25724625.41,3.723875,39873169.38,61803412.54,1099.2879,324509.7881,95795289.44
38.875,4054.213416,0.6,0.1,294.8,1.555,1,294.8,1.555,458.414,86907.04,2.418025,135140.4472,712.83377,210143.3954,25620195.39,3.760028875,39839403.83,61950272.96,1108.456512,326772.9798,96332674.46
39,4056.219648,0.6,0.1,294.4,1.56,1,294.4,1.56,459.264,86671.36,2.4336,135207.3216,716.45184,210923.4217,25516048.38,3.796416,39805035.48,62095855.35,1117.66487,329040.5378,96869534.34
39.125,4058.1702,0.6,0.1,294,1.565,1,294,1.565,460.11,86436,2.449225,135272.34,720.07215,211701.2121,25412184,3.833037125,39770067.96,62240156.36,1126.912915,331312.3969,97405844.7
39.25,4060.065216,0.6,0.1,293.6,1.57,1,293.6,1.57,460.952,86200.96,2.4649,135335.5072,723.69464,212476.7463,25308601.86,3.869893,39734504.91,62383172.71,1136.200585,333588.4917,97941581.16
39.375,4061.90484,0.6,0.1,293.2,1.575,1,293.2,1.575,461.79,85966.24,2.480625,135396.828,727.31925,213250.0041,25205301.57,3.906984375,39698349.97,62524901.2,1145.527819,335868.7565,98476719.39
39.5,4063.689216,0.6,0.1,292.8,1.58,1,292.8,1.58,462.624,85731.84,2.4964,135456.3072,730.94592,214020.9654,25102282.75,3.944312,39661606.75,62665338.66,1154.894554,338153.1253,99011235.09
39.625,4065.418488,0.6,0.1,292.4,1.585,1,292.4,1.585,463.454,85497.76,2.512225,135513.9496,734.57459,214789.6101,24999545.02,3.981876625,39624278.86,62804482,1164.300725,340441.532,99545103.97
39.75,4067.0928,0.6,0.1,292,1.59,1,292,1.59,464.28,85264,2.5281,135569.76,738.2052,215555.9184,24897088,4.019679,39586369.92,62942328.17,1173.746268,342733.9103,100078301.8
39.875,4068.712296,0.6,0.1,291.6,1.595,1,291.6,1.595,465.102,85030.56,2.544025,135623.7432,741.83769,216319.8704,24794911.3,4.057719875,39547883.52,63078874.21,1183.231116,345030.1933,100610804.4
40,4070.27712,0.6,0.1,291.2,1.6,1,291.2,1.6,465.92,84797.44,2.56,135675.904,745.472,217081.4464,24693014.53,4.096,39508823.24,63214117.19,1192.7552,347330.3142,101142587.5
40.125,4071.787416,0.6,0.1,290.8,1.605,1,290.8,1.605,466.734,84564.64,2.576025,135726.2472,749.10807,217840.6268,24591397.31,4.134520125,39469192.69,63348054.26,1202.318452,349634.2059,101673627.1
40.25,4073.243328,0.6,0.1,290.4,1.61,1,290.4,1.61,467.544,84332.16,2.5921,135774.7776,752.74584,218597.3919,24490059.26,4.173281,39428995.42,63480682.62,1211.920802,351941.801,102203899
40.375,4074.645,0.6,0.1,290,1.615,1,290,1.615,468.35,84100,2.608225,135821.5,756.38525,219351.7225,24389000,4.212283375,39388235,63611999.53,1221.562179,354253.0318,102733379.2
40.5,4075.992576,0.6,0.1,289.6,1.62,1,289.6,1.62,469.152,83868.16,2.6244,135866.4192,760.02624,220103.5991,24288219.14,4.251528,39346915,63742002.3,1231.242509,356567.8305,103262043.7
40.625,4077.2862,0.6,0.1,289.2,1.625,1,289.2,1.625,469.95,83636.64,2.640625,135909.54,763.66875,220853.0025,24187716.29,4.291015625,39305038.97,63870688.32,1240.961719,358886.1291,103789868.5
40.75,4078.526016,0.6,0.1,288.8,1.63,1,288.8,1.63,470.744,83405.44,2.6569,135950.8672,767.31272,221599.9135,24087491.07,4.330747,39262610.45,63998055.03,1250.719734,361207.8591,104316829.7
40.875,4079.712168,0.6,0.1,288.4,1.635,1,288.4,1.635,471.534,83174.56,2.673225,135990.4056,770.95809,222344.3132,23987543.1,4.370722875,39219632.98,64124099.91,1260.516477,363532.952,104842903.4
41,4080.8448,0.6,0.1,288,1.64,1,288,1.64,472.32,82944,2.6896,136028.16,774.6048,223086.1824,23887872,4.410944,39176110.08,64248820.53,1270.351872,365861.3391,105368065.7
41.125,4081.924056,0.6,0.1,287.6,1.645,1,287.6,1.645,473.102,82713.76,2.706025,136064.1352,778.25279,223825.5024,23788477.38,4.451411125,39132045.28,64372214.49,1280.22584,368192.9515,105892292.8
41.25,4082.95008,0.6,0.1,287.2,1.65,1,287.2,1.65,473.88,82483.84,2.7225,136098.336,781.902,224562.2544,23689358.85,4.492125,39087442.1,64494279.46,1290.1383,370527.7198,106415561.1
41.375,4083.923016,0.6,0.1,286.8,1.655,1,286.8,1.655,474.654,82254.24,2.739025,136130.7672,785.55237,225296.4197,23590516.03,4.533086375,39042304.03,64615013.17,1300.089172,372865.5746,106937846.8
41.5,4084.843008,0.6,0.1,286.4,1.66,1,286.4,1.66,475.424,82024.96,2.7556,136161.4336,789.20384,226027.9798,23491948.54,4.574296,38996634.58,64734413.41,1310.078374,375206.4464,107459126.3
41.625,4085.7102,0.6,0.1,286,1.665,1,286,1.665,476.19,81796,2.772225,136190.34,792.85635,226756.9161,23393656,4.615754625,38950437.24,64852478,1320.105823,377550.2653,107979375.9
41.75,4086.524736,0.6,0.1,285.6,1.67,1,285.6,1.67,476.952,81567.36,2.7889,136217.4912,796.50984,227483.2103,23295638.02,4.657463,38903715.49,64969204.86,1330.171433,379896.9612,108498572.1
41.875,4087.28676,0.6,0.1,285.2,1.675,1,285.2,1.675,477.71,81339.04,2.805625,136242.892,800.16425,228206.8441,23197894.21,4.699421875,38856472.8,65084591.94,1340.275119,382246.4639,109016691.5
42,4087.996416,0.6,0.1,284.8,1.68,1,284.8,1.68,478.464,81111.04,2.8224,136266.5472,803.81952,228927.7993,23100424.19,4.741632,38808712.64,65198637.24,1350.416794,384598.7028,109533710.6
42.125,4088.653848,0.6,0.1,284.4,1.685,1,284.4,1.685,479.214,80883.36,2.839225,136288.4616,807.47559,229646.0578,23003227.58,4.784094125,38760438.48,65311338.84,1360.596369,386953.6074,110049605.9
42.25,4089.2592,0.6,0.1,284,1.69,1,284,1.69,479.96,80656,2.8561,136308.64,811.1324,230361.6016,22906304,4.826809,38711653.76,65422694.85,1370.813756,389311.1067,110564354.3
42.375,4089.812616,0.6,0.1,283.6,1.695,1,283.6,1.695,480.702,80428.96,2.873025,136327.0872,814.78989,231074.4128,22809653.06,4.869777375,38662361.93,65532703.47,1381.068864,391671.1297,111077932.4
42.5,4090.31424,0.6,0.1,283.2,1.7,1,283.2,1.7,481.44,80202.24,2.89,136343.808,818.448,231784.4736,22713274.37,4.913,38612566.43,65641362.92,1391.3616,394033.6051,111590317
42.625,4090.764216,0.6,0.1,282.8,1.705,1,282.8,1.705,482.174,79975.84,2.907025,136358.8072,822.10667,232491.7663,22617167.55,4.956477625,38562270.68,65748671.5,1401.691872,396398.4615,112101484.9
42.75,4091.162688,0.6,0.1,282.4,1.71,1,282.4,1.71,482.904,79749.76,2.9241,136372.0896,825.76584,233196.2732,22521332.22,5.000211,38511478.1,65854627.56,1412.059586,398765.6272,112611413.1
42.875,4091.5098,0.6,0.1,282,1.715,1,282,1.715,483.63,79524,2.941225,136383.66,829.42545,233897.9769,22425768,5.044200875,38460192.12,65959229.49,1422.464647,401135.0304,113120078.6
43,4091.805696,0.6,0.1,281.6,1.72,1,281.6,1.72,484.352,79298.56,2.9584,136393.5232,833.08544,234596.8599,22330474.5,5.088448,38408416.13,66062475.75,1432.906957,403506.599,113627458.3
43.125,4092.05052,0.6,0.1,281.2,1.725,1,281.2,1.725,485.07,79073.44,2.975625,136401.684,836.74575,235292.9049,22235451.33,5.132953125,38356153.54,66164364.86,1443.386419,405880.261,114133529.4
43.25,4092.244416,0.6,0.1,280.8,1.73,1,280.8,1.73,485.784,78848.64,2.9929,136408.1472,840.40632,235986.0947,22140698.11,5.177717,38303407.73,66264895.38,1453.902934,408255.9438,114638269
43.375,4092.387528,0.6,0.1,280.4,1.735,1,280.4,1.735,486.494,78624.16,3.010225,136412.9176,844.06709,236676.412,22046214.46,5.222740375,38250182.1,66364065.93,1464.456401,410633.5749,115141654.4
43.5,4092.48,0.6,0.1,280,1.74,1,280,1.74,487.2,78400,3.0276,136416,847.728,237363.84,21952000,5.268024,38196480,66461875.2,1475.04672,413013.0816,115643662.8
43.625,4092.521976,0.6,0.1,279.6,1.745,1,279.6,1.745,487.902,78176.16,3.045025,136417.3992,851.38899,238048.3616,21858054.34,5.313568625,38142304.82,66558321.9,1485.673788,415394.391,116144271.7
43.75,4092.5136,0.6,0.1,279.2,1.75,1,279.2,1.75,488.6,77952.64,3.0625,136417.12,855.05,238729.96,21764377.09,5.359375,38087659.9,66653404.83,1496.3375,417777.43,116643458.5
43.875,4092.455016,0.6,0.1,278.8,1.755,1,278.8,1.755,489.294,77729.44,3.080025,136415.1672,858.71097,239408.6184,21670967.87,5.405443875,38032548.62,66747122.82,1507.037752,420162.1254,117141200.5
44,4092.346368,0.6,0.1,278.4,1.76,1,278.4,1.76,489.984,77506.56,3.0976,136411.5456,862.37184,240084.3203,21577826.3,5.451776,37976974.3,66839474.76,1517.774438,422548.4037,117637475.6
44.125,4092.1878,0.6,0.1,278,1.765,1,278,1.765,490.67,77284,3.115225,136406.26,866.03255,240757.0489,21484952,5.498372125,37920940.28,66930459.59,1528.547451,424936.1913,118132261.2
44.25,4091.979456,0.6,0.1,277.6,1.77,1,277.6,1.77,491.352,77061.76,3.1329,136399.3152,869.69304,241426.7879,21392344.58,5.545233,37864449.9,67020076.32,1539.356681,427325.4146,118625535.1
44.375,4091.72148,0.6,0.1,277.2,1.775,1,277.2,1.775,492.03,76839.84,3.150625,136390.716,873.35325,242093.5209,21300003.65,5.592359375,37807506.48,67108323.99,1550.202019,429715.9996,119117275.1
44.5,4091.414016,0.6,0.1,276.8,1.78,1,276.8,1.78,492.704,76618.24,3.1684,136380.4672,877.01312,242757.2316,21207928.83,5.639752,37750113.32,67195201.71,1561.083354,432107.8723,119607459
44.625,4091.057208,0.6,0.1,276.4,1.785,1,276.4,1.785,493.374,76396.96,3.186225,136368.5736,880.67259,243417.9039,21116119.74,5.687411625,37692273.74,67280708.63,1572.000573,434500.9584,120096064.9
44.75,4090.6512,0.6,0.1,276,1.79,1,276,1.79,494.04,76176,3.2041,136355.04,884.3316,244075.5216,21024576,5.735339,37633991.04,67364843.96,1582.953564,436895.1837,120583070.7
44.875,4090.196136,0.6,0.1,275.6,1.795,1,275.6,1.795,494.702,75955.36,3.222025,136339.8712,887.99009,244730.0688,20933297.22,5.783534875,37575268.5,67447606.96,1593.942212,439290.4735,121068454.5
45,4089.69216,0.6,0.1,275.2,1.8,1,275.2,1.8,495.36,75735.04,3.24,136323.072,891.648,245381.5296,20842283.01,5.832,37516109.41,67528996.95,1604.9664,441686.7533,121552194.5
45.125,4089.139416,0.6,0.1,274.8,1.805,1,274.8,1.805,496.014,75515.04,3.258025,136304.6472,895.30527,246029.8882,20751532.99,5.880735125,37456517.05,67609013.28,1616.026012,444083.9482,122034269
45.25,4088.538048,0.6,0.1,274.4,1.81,1,274.4,1.81,496.664,75295.36,3.2761,136284.6016,898.96184,246675.1289,20661046.78,5.929741,37396494.68,67687655.37,1627.12093,446481.9833,122514656.2
45.375,4087.8882,0.6,0.1,274,1.815,1,274,1.815,497.31,75076,3.294225,136262.94,902.61765,247317.2361,20570824,5.979018375,37336045.56,67764922.69,1638.251035,448880.7835,122993334.7
45.5,4087.190016,0.6,0.1,273.6,1.82,1,273.6,1.82,497.952,74856.96,3.3124,136239.6672,906.27264,247956.1943,20480864.26,6.028568,37275172.95,67840814.76,1649.416205,451280.2736,123470282.9
45.625,4086.44364,0.6,0.1,273.2,1.825,1,273.2,1.825,498.59,74638.24,3.330625,136214.788,909.92675,248591.9881,20391167.17,6.078390625,37213880.08,67915331.15,1660.616319,453680.3783,123945479.3
45.75,4085.649216,0.6,0.1,272.8,1.83,1,272.8,1.83,499.224,74419.84,3.3489,136188.3072,913.57992,249224.6022,20301732.35,6.128487,37152170.2,67988471.47,1671.851254,456081.022,124418902.8
45.875,4084.806888,0.6,0.1,272.4,1.835,1,272.4,1.835,499.854,74201.76,3.367225,136160.2296,917.23209,249854.0213,20212559.42,6.178857875,37090046.54,68060235.41,1683.120885,458482.1291,124890532
46,4083.9168,0.6,0.1,272,1.84,1,272,1.84,500.48,73984,3.3856,136130.56,920.8832,250480.2304,20123648,6.229504,37027512.32,68130622.67,1694.425088,460883.6239,125360345.7
46.125,4082.979096,0.6,0.1,271.6,1.845,1,271.6,1.845,501.102,73766.56,3.404025,136099.3032,924.53319,251103.2144,20034997.7,6.280426125,36964570.75,68199633.03,1705.763736,463285.4306,125828322.9
46.25,4081.99392,0.6,0.1,271.2,1.85,1,271.2,1.85,501.72,73549.44,3.4225,136066.464,928.182,251722.9584,19946608.13,6.331625,36901225.04,68267266.32,1717.1367,465687.473,126294442.7
46.375,4080.961416,0.6,0.1,270.8,1.855,1,270.8,1.855,502.334,73332.64,3.441025,136032.0472,931.82957,252339.4476,19858478.91,6.383101375,36837478.38,68333522.4,1728.543852,468089.6752,126758684
46.5,4079.881728,0.6,0.1,270.4,1.86,1,270.4,1.86,502.944,73116.16,3.4596,135996.0576,935.47584,252952.6671,19770609.66,6.434856,36773333.98,68398401.19,1739.985062,470491.9609,127221026.2
46.625,4078.755,0.6,0.1,270,1.865,1,270,1.865,503.55,72900,3.478225,135958.5,939.12075,253562.6025,19683000,6.486889625,36708795,68461902.68,1751.460199,472894.2537,127681448.5
46.75,4077.581376,0.6,0.1,269.6,1.87,1,269.6,1.87,504.152,72684.16,3.4969,135919.3792,942.76424,254169.2391,19595649.54,6.539203,36643864.63,68524026.86,1762.969129,475296.4771,128139930.2
46.875,4076.361,0.6,0.1,269.2,1.875,1,269.2,1.875,504.75,72468.64,3.515625,135878.7,946.40625,254772.5625,19508557.89,6.591796875,36578546.04,68584773.83,1774.511719,477698.5547,128596450.9
47,4075.094016,0.6,0.1,268.8,1.88,1,268.8,1.88,505.344,72253.44,3.5344,135836.4672,950.04672,255372.5583,19421724.67,6.644672,36512842.38,68644143.68,1786.087834,480100.4097,129050990.1
47.125,4073.780568,0.6,0.1,268.4,1.885,1,268.4,1.885,505.934,72038.56,3.553225,135792.6856,953.68559,255969.2124,19335149.5,6.697829125,36446756.82,68702136.6,1797.697337,482501.9653,129503527.5
47.25,4072.4208,0.6,0.1,268,1.89,1,268,1.89,506.52,71824,3.5721,135747.36,957.3228,256562.5104,19248832,6.751269,36380292.48,68758752.79,1809.340092,484903.1447,129954042.8
47.375,4071.014856,0.6,0.1,267.6,1.895,1,267.6,1.895,507.102,71609.76,3.591025,135700.4952,960.95829,257152.4384,19162771.78,6.804992375,36313452.52,68813992.52,1821.01596,487303.8708,130402515.8
47.5,4069.56288,0.6,0.1,267.2,1.9,1,267.2,1.9,507.68,71395.84,3.61,135652.096,964.592,257738.9824,19076968.45,6.859,36246240.05,68867856.1,1832.7248,489704.0666,130848926.6
47.625,4068.065016,0.6,0.1,266.8,1.905,1,266.8,1.905,508.254,71182.24,3.629025,135602.1672,968.22387,258322.1285,18991421.63,6.913292625,36178658.21,68920343.89,1844.466472,492103.6548,131293255.1
47.75,4066.521408,0.6,0.1,266.4,1.91,1,266.4,1.91,508.824,70968.96,3.6481,135550.7136,971.85384,258901.863,18906130.94,6.967871,36110710.1,68971456.3,1856.240834,494502.5583,131735481.5
47.875,4064.9322,0.6,0.1,266,1.915,1,266,1.915,509.39,70756,3.667225,135497.74,975.48185,259478.1721,18821096,7.022735875,36042398.84,69021193.78,1868.047743,496900.6996,132175586.1
48,4063.297536,0.6,0.1,265.6,1.92,1,265.6,1.92,509.952,70543.36,3.6864,135443.2512,979.10784,260051.0423,18736316.42,7.077888,35973727.52,69069556.84,1879.887053,499298.0012,132613549.1
48.125,4061.61756,0.6,0.1,265.2,1.925,1,265.2,1.925,510.51,70331.04,3.705625,135387.252,982.73175,260620.4601,18651791.81,7.133328125,35904699.23,69116546.02,1891.758619,501694.3857,133049351.1
48.25,4059.892416,0.6,0.1,264.8,1.93,1,264.8,1.93,511.064,70119.04,3.7249,135329.7472,986.35352,261186.4121,18567521.79,7.189057,35835317.06,69162161.92,1903.662294,504089.7753,133482972.5
48.375,4058.122248,0.6,0.1,264.4,1.935,1,264.4,1.935,511.614,69907.36,3.744225,135270.7416,989.97309,261748.885,18483505.98,7.245075375,35765584.08,69206405.19,1915.597929,506484.0925,133914394
48.5,4056.3072,0.6,0.1,264,1.94,1,264,1.94,512.16,69696,3.7636,135210.24,993.5904,262307.8656,18399744,7.301384,35695503.36,69249276.52,1927.565376,508877.2593,134343596.4
48.625,4054.447416,0.6,0.1,263.6,1.945,1,263.6,1.945,512.702,69484.96,3.783025,135148.2472,997.20539,262863.3408,18316235.46,7.357983625,35625077.96,69290776.64,1939.564484,511269.1979,134770560.6
48.75,4052.54304,0.6,0.1,263.2,1.95,1,263.2,1.95,513.24,69274.24,3.8025,135084.768,1000.818,263415.2976,18232979.97,7.414875,35554310.94,69330906.33,1951.5951,513659.8303,135195267.3
48.875,4050.594216,0.6,0.1,262.8,1.955,1,262.8,1.955,513.774,69063.84,3.822025,135019.8072,1004.42817,263963.7231,18149977.15,7.472058875,35483205.33,69369666.42,1963.657072,516049.0786,135617697.9
49,4048.601088,0.6,0.1,262.4,1.96,1,262.4,1.96,514.304,68853.76,3.8416,134953.3696,1008.03584,264508.6044,18067226.62,7.529536,35411764.18,69407057.8,1975.750246,518436.8647,136037833.3
49.125,4046.5638,0.6,0.1,262,1.965,1,262,1.965,514.83,68644,3.861225,134885.46,1011.64095,265049.9289,17984728,7.587307125,35339990.52,69443081.37,1987.874467,520823.1103,136455654.9
49.25,4044.482496,0.6,0.1,261.6,1.97,1,261.6,1.97,515.352,68434.56,3.8809,134816.0832,1015.24344,265587.6839,17902480.9,7.645373,35267887.37,69477738.11,2000.029577,523207.7373,136871144.1
49.375,4042.35732,0.6,0.1,261.2,1.975,1,261.2,1.975,515.87,68225.44,3.900625,134745.244,1018.84325,266121.8569,17820484.93,7.703734375,35195457.73,69511029.02,2012.215419,525590.6674,137284282.3
49.5,4040.188416,0.6,0.1,260.8,1.98,1,260.8,1.98,516.384,68016.64,3.9204,134672.9472,1022.44032,266652.4355,17738739.71,7.762392,35122704.63,69542955.17,2024.431834,527971.8222,137695051.2
49.625,4037.975928,0.6,0.1,260.4,1.985,1,260.4,1.985,516.894,67808.16,3.940225,134599.1976,1026.03459,267179.4072,17657244.86,7.821346625,35049631.06,69573517.64,2036.678661,530351.1234,138103432.5
49.75,4035.72,0.6,0.1,260,1.99,1,260,1.99,517.4,67600,3.9601,134524,1029.626,267702.76,17576000,7.880599,34976240,69602717.6,2048.95574,532728.4924,138509408
49.875,4033.420776,0.6,0.1,259.6,1.995,1,259.6,1.995,517.902,67392.16,3.980025,134447.3592,1033.21449,268222.4816,17495004.74,7.940149875,34902534.45,69630556.22,2061.262908,535103.8508,138912959.7
50,4031.0784,0.6,0.1,259.2,2,1,259.2,2,518.4,67184.64,4,134369.28,1036.8,268738.56,17414258.69,8,34828517.38,69657034.75,2073.6,537477.12,139314069.5
50.125,4028.693016,0.6,0.1,258.8,2.005,1,258.8,2.005,518.894,66977.44,4.020025,134289.7672,1040.38247,269250.9832,17333761.47,8.060150125,34754191.75,69682154.46,2085.966852,539848.2214,139712719.7
50.25,4026.264768,0.6,0.1,258.4,2.01,1,258.4,2.01,519.384,66770.56,4.0401,134208.8256,1043.96184,269759.7395,17253512.7,8.120601,34679560.54,69705916.68,2098.363298,542217.0763,140108892.5
50.375,4023.7938,0.6,0.1,258,2.015,1,258,2.015,519.87,66564,4.060225,134126.46,1047.53805,270264.8169,17173512,8.181353375,34604626.68,69728322.76,2110.789171,544583.6061,140502570.4
50.5,4021.280256,0.6,0.1,257.6,2.02,1,257.6,2.02,520.352,66357.76,4.0804,134042.6752,1051.11104,270766.2039,17093758.98,8.242408,34529393.13,69749374.13,2123.244301,546947.7319,140893735.7
50.625,4018.72428,0.6,0.1,257.2,2.025,1,257.2,2.025,520.83,66151.84,4.100625,133957.476,1054.68075,271263.8889,17014253.25,8.303765625,34453862.83,69769072.23,2135.728519,549309.375,141282371.3
50.75,4016.126016,0.6,0.1,256.8,2.03,1,256.8,2.03,521.304,65946.24,4.1209,133870.8672,1058.24712,271757.8604,16934994.43,8.365427,34378038.7,69787418.55,2148.241654,551668.4566,141668459.7
50.875,4013.485608,0.6,0.1,256.4,2.035,1,256.4,2.035,521.774,65740.96,4.141225,133782.8536,1061.81009,272248.1071,16855982.14,8.427392875,34301923.66,69804414.65,2160.783533,554024.8979,142051983.8
51,4010.8032,0.6,0.1,256,2.04,1,256,2.04,522.24,65536,4.1616,133693.44,1065.3696,272734.6176,16777216,8.489664,34225520.64,69820062.11,2173.353984,556378.6199,142432926.7
51.125,4008.078936,0.6,0.1,255.6,2.045,1,255.6,2.045,522.702,65331.36,4.182025,133602.6312,1068.92559,273217.3808,16698695.62,8.552241125,34148832.53,69834362.53,2185.952832,558729.5437,142811271.4
51.25,4005.31296,0.6,0.1,255.2,2.05,1,255.2,2.05,523.16,65127.04,4.2025,133510.432,1072.478,273696.3856,16620420.61,8.615125,34071862.25,69847317.61,2198.5799,561077.5905,143187001.1
51.375,4002.505416,0.6,0.1,254.8,2.055,1,254.8,2.055,523.614,64923.04,4.223025,133416.8472,1076.02677,274171.621,16542390.59,8.678316375,33994612.67,69858929.03,2211.235012,563422.6811,143560099.2
51.5,3999.656448,0.6,0.1,254.4,2.06,1,254.4,2.06,524.064,64719.36,4.2436,133321.8816,1079.57184,274643.0761,16464605.18,8.741816,33917086.68,69869198.56,2223.91799,565764.7368,143930549
51.625,3996.7662,0.6,0.1,254,2.065,1,254,2.065,524.51,64516,4.264225,133225.54,1083.11315,275110.7401,16387064,8.805624625,33839287.16,69878127.99,2236.628655,568103.6783,144298334.3
51.75,3993.834816,0.6,0.1,253.6,2.07,1,253.6,2.07,524.952,64312.96,4.2849,133127.8272,1086.65064,275574.6023,16309766.66,8.869743,33761216.98,69885719.14,2249.366825,570439.4268,144663438.6
51.875,3990.86244,0.6,0.1,253.2,2.075,1,253.2,2.075,525.39,64110.24,4.305625,133028.748,1090.18425,276034.6521,16232712.77,8.934171875,33682878.99,69891973.91,2262.132319,572771.9031,145025845.9
52,3987.849216,0.6,0.1,252.8,2.08,1,252.8,2.08,525.824,63907.84,4.3264,132928.3072,1093.71392,276490.879,16155901.95,8.998912,33604276.06,69896894.21,2274.924954,575101.0283,145385539.9
52.125,3984.795288,0.6,0.1,252.4,2.085,1,252.4,2.085,526.254,63705.76,4.347225,132826.5096,1097.23959,276943.2725,16079333.82,9.063964125,33525411.02,69900481.98,2287.744545,577426.7232,145742504.9
52.25,3981.7008,0.6,0.1,252,2.09,1,252,2.09,526.68,63504,4.3681,132723.36,1100.7612,277391.8224,16003008,9.129329,33446286.72,69902739.24,2300.590908,579748.9088,146096725
52.375,3978.565896,0.6,0.1,251.6,2.095,1,251.6,2.095,527.102,63302.56,4.389025,132618.8632,1104.27869,277836.5184,15926924.1,9.195007375,33366905.98,69903668.03,2313.463856,582067.5061,146448184.5
52.5,3975.39072,0.6,0.1,251.2,2.1,1,251.2,2.1,527.52,63101.44,4.41,132513.024,1107.792,278277.3504,15851081.73,9.261,33287271.63,69903270.42,2326.3632,584382.4358,146796867.9
52.625,3972.175416,0.6,0.1,250.8,2.105,1,250.8,2.105,527.934,62900.64,4.431025,132405.8472,1111.30107,278714.3084,15775480.51,9.327307625,33207386.48,69901548.54,2339.288752,586693.6191,147142759.7
52.75,3968.920128,0.6,0.1,250.4,2.11,1,250.4,2.11,528.344,62700.16,4.4521,132297.3376,1114.80584,279147.3823,15700120.06,9.393931,33127253.34,69898504.54,2352.240322,589000.9767,147485844.6
52.875,3965.625,0.6,0.1,250,2.115,1,250,2.115,528.75,62500,4.473225,132187.5,1118.30625,279576.5625,15625000,9.460870875,33046875,69894140.63,2365.217719,591304.4297,147826107.4
53,3962.290176,0.6,0.1,249.6,2.12,1,249.6,2.12,529.152,62300.16,4.4944,132076.3392,1121.80224,280001.8391,15550119.94,9.528128,32966254.26,69888459.04,2378.220749,593603.8989,148163533.2
53.125,3958.9158,0.6,0.1,249.2,2.125,1,249.2,2.125,529.55,62100.64,4.515625,131963.86,1125.29375,280423.2025,15475479.49,9.595703125,32885393.91,69881462.06,2391.249219,595899.3053,148498106.9
53.25,3955.502016,0.6,0.1,248.8,2.13,1,248.8,2.13,529.944,61901.44,4.5369,131850.0672,1128.78072,280840.6431,15401078.27,9.663597,32804296.72,69873152.01,2404.302934,598190.5699,148829813.8
53.375,3952.048968,0.6,0.1,248.4,2.135,1,248.4,2.135,530.334,61702.56,4.558225,131734.9656,1132.26309,281254.1516,15326915.9,9.731810375,32722965.46,69863531.25,2417.381697,600477.6136,149158639.2
53.5,3948.5568,0.6,0.1,248,2.14,1,248,2.14,530.72,61504,4.5796,131618.56,1135.7408,281663.7184,15252992,9.800344,32641402.88,69852602.16,2430.485312,602760.3574,149484568.6
53.625,3945.025656,0.6,0.1,247.6,2.145,1,247.6,2.145,531.102,61305.76,4.601025,131500.8552,1139.21379,282069.3344,15179306.18,9.869198625,32559611.75,69840367.2,2443.61358,605038.7223,149807587.6
53.75,3941.45568,0.6,0.1,247.2,2.15,1,247.2,2.15,531.48,61107.84,4.6225,131381.856,1142.682,282470.9904,15105858.05,9.938375,32477594.8,69826828.83,2456.7663,607312.6294,150127682
53.875,3937.847016,0.6,0.1,246.8,2.155,1,246.8,2.155,531.854,60910.24,4.644025,131261.5672,1146.14537,282868.6773,15032647.23,10.00787388,32395354.78,69811989.56,2469.943272,609581.9996,150444837.5
54,3934.199808,0.6,0.1,246.4,2.16,1,246.4,2.16,532.224,60712.96,4.6656,131139.9936,1149.60384,283262.3862,14959673.34,10.077696,32312894.42,69795851.95,2483.144294,611846.7541,150759040.2
54.125,3930.5142,0.6,0.1,246,2.165,1,246,2.165,532.59,60516,4.687225,131017.14,1153.05735,283652.1081,14886936,10.14784213,32230216.44,69778418.59,2496.369163,614106.814,151070276.3
54.25,3926.790336,0.6,0.1,245.6,2.17,1,245.6,2.17,532.952,60319.36,4.7089,130893.0112,1156.50584,284037.8343,14814434.82,10.218313,32147323.55,69759692.11,2509.617673,616362.1004,151378531.9
54.375,3923.02836,0.6,0.1,245.2,2.175,1,245.2,2.175,533.31,60123.04,4.730625,130767.612,1159.94925,284419.5561,14742169.41,10.28910938,32064218.46,69739675.16,2522.889619,618612.5345,151683793.5
54.5,3919.228416,0.6,0.1,244.8,2.18,1,244.8,2.18,533.664,59927.04,4.7524,130640.9472,1163.38752,284797.2649,14670139.39,10.360232,31980903.87,69718370.45,2536.184794,620858.0375,151986047.6
54.625,3915.390648,0.6,0.1,244.4,2.185,1,244.4,2.185,534.014,59731.36,4.774225,130513.0216,1166.82059,285170.9522,14598344.38,10.43168163,31897382.48,69695780.72,2549.502989,623098.5305,152285280.9
54.75,3911.5152,0.6,0.1,244,2.19,1,244,2.19,534.36,59536,4.7961,130383.84,1170.2484,285540.6096,14526784,10.503459,31813656.96,69671908.74,2562.843996,625333.935,152581480.1
54.875,3907.602216,0.6,0.1,243.6,2.195,1,243.6,2.195,534.702,59340.96,4.818025,130253.4072,1173.67089,285906.2288,14455457.86,10.57556488,31729729.99,69646757.34,2576.207604,627564.1722,152874632.4
55,3903.65184,0.6,0.1,243.2,2.2,1,243.2,2.2,535.04,59146.24,4.84,130121.728,1177.088,286267.8016,14384365.57,10.648,31645604.25,69620329.35,2589.5936,629789.1635,153164724.6
55.125,3899.664216,0.6,0.1,242.8,2.205,1,242.8,2.205,535.374,58951.84,4.862025,129988.8072,1180.49967,286625.3199,14313506.75,10.72076513,31561282.39,69592627.67,2603.001772,632008.8303,153451744
55.25,3895.639488,0.6,0.1,242.4,2.21,1,242.4,2.21,535.704,58757.76,4.8841,129854.6496,1183.90584,286978.7756,14242881.02,10.793861,31476767.06,69563655.21,2616.431906,634223.0941,153735678
55.375,3891.5778,0.6,0.1,242,2.215,1,242,2.215,536.03,58564,4.906225,129719.26,1187.30645,287328.1609,14172488,10.86728838,31392060.92,69533414.94,2629.883787,636431.8764,154016514.1
55.5,3887.479296,0.6,0.1,241.6,2.22,1,241.6,2.22,536.352,58370.56,4.9284,129582.6432,1190.70144,287673.4679,14102327.3,10.941048,31307166.6,69501909.85,2643.357197,638635.0987,154294239.9
55.625,3883.34412,0.6,0.1,241.2,2.225,1,241.2,2.225,536.67,58177.44,4.950625,129444.804,1194.09075,288014.6889,14032398.53,11.01514063,31222086.72,69469142.96,2656.851919,640832.6828,154568843.1
55.75,3879.172416,0.6,0.1,240.8,2.23,1,240.8,2.23,536.984,57984.64,4.9729,129305.7472,1197.47432,288351.8163,13962701.31,11.089567,31136823.93,69435117.35,2670.367734,643024.5503,154840311.7
55.875,3874.964328,0.6,0.1,240.4,2.235,1,240.4,2.235,537.294,57792.16,4.995225,129165.4776,1200.85209,288684.8424,13893235.26,11.16432788,31051380.82,69399836.12,2683.904421,645210.6228,155108633.7
56,3870.72,0.6,0.1,240,2.24,1,240,2.24,537.6,57600,5.0176,129024,1204.224,289013.76,13824000,11.239424,30965760,69363302.4,2697.46176,647390.8224,155373797.4
56.125,3866.439576,0.6,0.1,239.6,2.245,1,239.6,2.245,537.902,57408.16,5.040025,128881.3192,1207.58999,289338.5616,13754995.14,11.31485613,30879964.08,69325519.36,2711.039528,649565.0708,155635791
56.25,3862.1232,0.6,0.1,239.2,2.25,1,239.2,2.25,538.2,57216.64,5.0625,128737.44,1210.95,289659.24,13686220.29,11.390625,30793995.65,69286490.21,2724.6375,651733.29,155894603
56.375,3857.771016,0.6,0.1,238.8,2.255,1,238.8,2.255,538.494,57025.44,5.085025,128592.3672,1214.30397,289975.788,13617675.07,11.46673138,30707857.29,69246218.18,2738.255452,653895.402,156150222
56.5,3853.383168,0.6,0.1,238.4,2.26,1,238.4,2.26,538.784,56834.56,5.1076,128446.1056,1217.65184,290288.1987,13549359.1,11.543176,30621551.58,69204706.56,2751.893158,656051.329,156402636.8
56.625,3848.9598,0.6,0.1,238,2.265,1,238,2.265,539.07,56644,5.130225,128298.66,1220.99355,290596.4649,13481272,11.61995963,30535081.08,69161958.65,2765.550391,658200.993,156651836.3
56.75,3844.501056,0.6,0.1,237.6,2.27,1,237.6,2.27,539.352,56453.76,5.1529,128150.0352,1224.32904,290900.5799,13413413.38,11.697083,30448448.36,69117977.79,2779.226921,660344.3164,156897809.6
56.875,3840.00708,0.6,0.1,237.2,2.275,1,237.2,2.275,539.63,56263.84,5.175625,128000.236,1227.65825,291200.5369,13345782.85,11.77454688,30361655.98,69072767.35,2792.922519,662481.2214,157140545.7
57,3835.478016,0.6,0.1,236.8,2.28,1,236.8,2.28,539.904,56074.24,5.1984,127849.2672,1230.98112,291496.3292,13278380.03,11.852352,30274706.47,69026330.76,2806.636954,664611.6306,157380034.1
57.125,3830.914008,0.6,0.1,236.4,2.285,1,236.4,2.285,540.174,55884.96,5.221225,127697.1336,1234.29759,291787.9503,13211204.54,11.93049913,30187602.38,68978671.45,2820.369993,666735.4664,157616264.3
57.25,3826.3152,0.6,0.1,236,2.29,1,236,2.29,540.44,55696,5.2441,127543.84,1237.6076,292075.3936,13144256,12.008989,30100346.24,68929792.89,2834.121404,668852.6513,157849225.7
57.375,3821.681736,0.6,0.1,235.6,2.295,1,235.6,2.295,540.702,55507.36,5.267025,127389.3912,1240.91109,292358.6528,13077534.02,12.08782238,30012940.57,68879698.6,2847.890952,670963.1082,158078908.3
57.5,3817.01376,0.6,0.1,235.2,2.3,1,235.2,2.3,540.96,55319.04,5.29,127233.792,1244.208,292637.7216,13011038.21,12.167,29925387.88,68828392.12,2861.6784,673066.7597,158305301.9
57.625,3812.311416,0.6,0.1,234.8,2.305,1,234.8,2.305,541.214,55131.04,5.313025,127077.0472,1247.49827,292912.5938,12944768.19,12.24652263,29837690.68,68775877.02,2875.483512,675163.5287,158528396.5
57.75,3807.574848,0.6,0.1,234.4,2.31,1,234.4,2.31,541.464,54943.36,5.3361,126919.1616,1250.78184,293183.2633,12878723.58,12.326391,29749851.48,68722156.92,2889.30605,677253.3382,158748182.5
57.875,3802.8042,0.6,0.1,234,2.315,1,234,2.315,541.71,54756,5.359225,126760.14,1254.05865,293449.7241,12812904,12.40660588,29661872.76,68667235.44,2903.145775,679336.1113,158964650
58,3797.999616,0.6,0.1,233.6,2.32,1,233.6,2.32,541.952,54568.96,5.3824,126599.9872,1257.32864,293711.9703,12747309.06,12.487168,29573757.01,68611116.26,2917.002445,681411.7711,159177789.7
58.125,3793.16124,0.6,0.1,233.2,2.325,1,233.2,2.325,542.19,54382.24,5.405625,126438.708,1260.59175,293969.9961,12681938.37,12.56807813,29485506.71,68553803.09,2930.875819,683480.2409,159387592.2
58.25,3788.289216,0.6,0.1,232.8,2.33,1,232.8,2.33,542.424,54195.84,5.4289,126276.3072,1263.84792,294223.7958,12616791.55,12.649337,29397124.32,68495299.66,2944.765654,685541.4442,159594048.2
58.375,3783.383688,0.6,0.1,232.4,2.335,1,232.4,2.335,542.654,54009.76,5.452225,126112.7896,1267.09709,294473.3637,12551868.22,12.73094538,29308612.3,68435609.73,2958.671705,687595.3043,159797148.7
58.5,3778.4448,0.6,0.1,232,2.34,1,232,2.34,542.88,53824,5.4756,125948.16,1270.3392,294718.6944,12487168,12.812904,29219973.12,68374737.1,2972.593728,689641.7449,159996884.8
58.625,3773.472696,0.6,0.1,231.6,2.345,1,231.6,2.345,543.102,53638.56,5.499025,125782.4232,1273.57419,294959.7824,12422690.5,12.89521363,29131209.21,68312685.6,2986.531476,691680.6897,160193247.7
58.75,3768.46752,0.6,0.1,231.2,2.35,1,231.2,2.35,543.32,53453.44,5.5225,125615.584,1276.802,295196.6224,12358435.33,12.977875,29042323.02,68249459.1,3000.4847,693712.0626,160386228.9
58.875,3763.429416,0.6,0.1,230.8,2.355,1,230.8,2.355,543.534,53268.64,5.546025,125447.6472,1280.02257,295429.2092,12294402.11,13.06088888,28953316.97,68185061.47,3014.453152,695735.7876,160575819.8
59,3758.358528,0.6,0.1,230.4,2.36,1,230.4,2.36,543.744,53084.16,5.5696,125278.6176,1283.23584,295657.5375,12230590.46,13.144256,28864193.5,68119496.65,3028.436582,697751.7886,160762012.1
59.125,3753.255,0.6,0.1,230,2.365,1,230,2.365,543.95,52900,5.593225,125108.5,1286.44175,295881.6025,12167000,13.22797713,28774955,68052768.58,3042.434739,699759.9899,160944797.7
59.25,3748.118976,0.6,0.1,229.6,2.37,1,229.6,2.37,544.152,52716.16,5.6169,124937.2992,1289.64024,296101.3991,12103630.34,13.312053,28685603.9,67984881.23,3056.447369,701760.3159,161124168.5
59.375,3742.9506,0.6,0.1,229.2,2.375,1,229.2,2.375,544.35,52532.64,5.640625,124765.02,1292.83125,296316.9225,12040481.09,13.39648438,28596142.58,67915838.64,3070.474219,703752.6909,161300116.8
59.5,3737.750016,0.6,0.1,228.8,2.38,1,228.8,2.38,544.544,52349.44,5.6644,124591.6672,1296.01472,296528.1679,11977551.87,13.481272,28506573.46,67845644.82,3084.515034,705737.0397,161472634.7
59.625,3732.517368,0.6,0.1,228.4,2.385,1,228.4,2.385,544.734,52166.56,5.688225,124417.2456,1299.19059,296735.1308,11914842.3,13.56641663,28416898.9,67774303.86,3098.569557,707713.2869,161641714.7
59.75,3727.2528,0.6,0.1,228,2.39,1,228,2.39,544.92,51984,5.7121,124241.76,1302.3588,296937.8064,11852352,13.651919,28327121.28,67701819.86,3112.637532,709681.3573,161807349.5
59.875,3721.956456,0.6,0.1,227.6,2.395,1,227.6,2.395,545.102,51801.76,5.736025,124065.2152,1305.51929,297136.1904,11790080.58,13.73777988,28237242.98,67628196.94,3126.7187,711641.176,161969531.7
60,3716.62848,0.6,0.1,227.2,2.4,1,227.2,2.4,545.28,51619.84,5.76,123887.616,1308.672,297330.2784,11728027.65,13.824,28147266.36,67553439.25,3140.8128,713592.6682,162128254.2
60.125,3711.269016,0.6,0.1,226.8,2.405,1,226.8,2.405,545.454,51438.24,5.784025,123708.9672,1311.81687,297520.0661,11666192.83,13.91058013,28057193.76,67477551,3154.919572,715535.759,162283510.1
60.25,3705.878208,0.6,0.1,226.4,2.41,1,226.4,2.41,545.624,51256.96,5.8081,123529.2736,1314.95384,297705.5494,11604575.74,13.997521,27967027.54,67400536.38,3169.038754,717470.374,162435292.7
60.375,3700.4562,0.6,0.1,226,2.415,1,226,2.415,545.79,51076,5.832225,123348.54,1318.08285,297886.7241,11543176,14.08482338,27876770.04,67322399.65,3183.170083,719396.4387,162583595.1
60.5,3695.003136,0.6,0.1,225.6,2.42,1,225.6,2.42,545.952,50895.36,5.8564,123166.7712,1321.20384,298063.5863,11481993.22,14.172488,27786423.58,67243145.07,3197.313293,721313.8789,162728411.1
60.625,3689.51916,0.6,0.1,225.2,2.425,1,225.2,2.425,546.11,50715.04,5.880625,122983.972,1324.31675,298236.1321,11421027.01,14.26051563,27695990.49,67162776.95,3211.468119,723222.6203,162869734.1
60.75,3684.004416,0.6,0.1,224.8,2.43,1,224.8,2.43,546.264,50535.04,5.9049,122800.1472,1327.42152,298404.3577,11360276.99,14.348907,27605473.09,67081299.61,3225.634294,725122.5892,163007558.1
60.875,3678.459048,0.6,0.1,224.4,2.435,1,224.4,2.435,546.414,50355.36,5.929225,122615.3016,1330.51809,298568.2594,11299742.78,14.43766288,27514873.68,66998717.41,3239.811549,727013.7116,163141876.9
61,3672.8832,0.6,0.1,224,2.44,1,224,2.44,546.56,50176,5.9536,122429.44,1333.6064,298727.8336,11239424,14.526784,27424194.56,66915034.73,3253.999616,728895.914,163272684.7
61.125,3667.277016,0.6,0.1,223.6,2.445,1,223.6,2.445,546.702,49996.96,5.978025,122242.5672,1336.68639,298883.0768,11179320.26,14.61627113,27333438.03,66830255.97,3268.198224,730769.1228,163399975.9
61.25,3661.64064,0.6,0.1,223.2,2.45,1,223.2,2.45,546.84,49818.24,6.0025,122054.688,1339.758,299033.9856,11119431.17,14.706125,27242606.36,66744385.59,3282.4071,732633.2647,163523744.7
61.375,3655.974216,0.6,0.1,222.8,2.455,1,222.8,2.455,546.974,49639.84,6.027025,121865.8072,1342.82117,299180.5567,11059756.35,14.79634638,27151701.84,66657428.03,3296.625972,734488.2666,163643985.8
61.5,3650.277888,0.6,0.1,222.4,2.46,1,222.4,2.46,547.104,49461.76,6.0516,121675.9296,1345.87584,299322.7868,11000295.42,14.886936,27060726.74,66569387.79,3310.854566,736334.0556,163760694
61.625,3644.5518,0.6,0.1,222,2.465,1,222,2.465,547.23,49284,6.076225,121485.06,1348.92195,299460.6729,10941048,14.97789463,26969683.32,66480269.38,3325.092607,738170.5587,163873864
61.75,3638.796096,0.6,0.1,221.6,2.47,1,221.6,2.47,547.352,49106.56,6.1009,121293.2032,1351.95944,299594.2119,10882013.7,15.069223,26878573.83,66390077.36,3339.339817,739997.7034,163983491.1
61.875,3633.01092,0.6,0.1,221.2,2.475,1,221.2,2.475,547.47,48929.44,6.125625,121100.364,1354.98825,299723.4009,10823192.13,15.16092188,26787400.52,66298816.28,3353.595919,741815.4172,164089570.3
62,3627.196416,0.6,0.1,220.8,2.48,1,220.8,2.48,547.584,48752.64,6.1504,120906.5472,1358.00832,299848.2371,10764582.91,15.252992,26696165.62,66206490.74,3367.860634,743623.6279,164192097
62.125,3621.352728,0.6,0.1,220.4,2.485,1,220.4,2.485,547.694,48576.16,6.175225,120711.7576,1361.01959,299968.7176,10706185.66,15.34543413,26604871.38,66113105.37,3382.133681,745422.2633,164291066.8
62.25,3615.48,0.6,0.1,220,2.49,1,220,2.49,547.8,48400,6.2001,120516,1364.022,300084.84,10648000,15.438249,26513520,66018664.8,3396.41478,747211.2516,164386475.4
